fantasy_player_id,round_id,tournament_id,points,starting_xi,minutes_played,goals_scored,assists,clean_sheet,goals_conceded,yellow_cards,red_cards,own_goals,penalty_won,penalty_conceded,penalty_saved,saves,tackles,chances_created,shots_on_target,free_kicks,scouting_bonus
1,1,19,0,0,90,0,0,0,3,0,0,0,0,0,0,0,4,0,0,0,0
2,1,19,0,0,90,0,0,0,3,0,0,0,0,0,0,0,2,0,0,0,0
3,1,19,0,0,90,0,0,0,3,0,0,0,0,0,0,0,1,0,0,0,0
7,1,19,0,0,90,0,0,0,3,0,0,0,0,0,0,0,2,0,0,0,0
9,1,19,1,0,26,0,0,0,1,0,0,0,0,0,0,0,0,0,0,0,0
10,1,19,2,0,64,0,0,0,2,0,0,0,0,0,0,0,0,0,0,0,0
11,1,19,1,0,26,0,0,0,1,0,0,0,0,0,0,0,0,0,0,0,0
12,1,19,2,0,82,0,0,0,3,0,0,0,0,0,0,0,0,0,0,0,0
13,1,19,2,0,64,0,0,0,2,0,0,0,0,0,0,0,1,0,0,0,0
18,1,19,1,0,90,0,0,0,3,0,0,0,0,0,0,3,0,0,0,0,0
21,1,19,1,0,9,0,0,1,0,0,0,0,0,0,0,0,0,0,0,0,0
23,1,19,1,0,8,0,0,1,0,0,0,0,0,0,0,0,0,0,0,0,0
24,1,19,2,0,64,0,0,0,2,0,0,0,0,0,0,0,2,0,0,0,0
26,1,19,1,0,26,0,0,0,1,0,0,0,0,0,0,0,0,0,0,0,0
27,1,19,2,0,90,0,0,0,3,0,0,0,0,0,0,0,2,0,0,0,0
28,1,19,9,0,80,0,0,1,0,0,0,0,0,0,0,0,2,0,0,0,1
30,1,19,1,0,45,0,0,1,0,0,0,0,0,0,0,0,1,0,0,0,0
31,1,19,1,0,10,0,0,1,0,0,0,0,0,0,0,0,1,0,0,0,0
38,1,19,19,0,80,3,0,1,0,0,0,0,0,0,0,0,2,0,4,0,0
39,1,19,1,0,35,0,0,1,0,0,0,0,0,0,0,0,1,0,0,0,0
42,1,19,4,0,35,0,1,1,0,0,0,0,0,0,0,0,0,0,0,0,0
45,1,19,7,0,90,0,0,1,0,0,0,0,0,0,0,0,0,0,0,0,0
50,1,19,9,0,90,0,1,1,0,0,0,0,0,0,0,0,3,0,0,0,1
51,1,19,1,0,10,0,0,1,0,0,0,0,0,0,0,0,2,0,0,0,0
55,1,19,1,0,55,0,0,1,0,0,0,0,0,0,0,0,2,0,0,0,0
56,1,19,8,0,90,0,1,1,0,0,0,0,0,0,0,0,1,1,1,0,1
57,1,19,4,0,90,0,0,1,0,0,0,0,0,0,0,0,3,0,0,0,0
58,1,8,9,0,84,0,0,1,0,0,0,0,0,0,0,0,0,0,0,0,1
58,2,29,0,0,90,0,0,0,2,1,0,0,0,0,0,0,1,0,0,0,0
60,1,8,9,0,90,0,0,1,0,0,0,0,0,0,0,0,2,0,0,0,1
60,2,29,0,0,90,0,0,0,2,1,0,0,0,0,0,0,3,0,0,0,0
61,1,8,9,0,90,0,0,1,0,0,0,0,0,0,0,0,2,0,0,0,1
61,2,29,-2,0,45,0,0,0,2,0,0,1,0,0,0,0,0,0,0,0,0
63,1,8,1,0,6,0,0,1,0,0,0,0,0,0,0,0,0,0,0,0,0
64,1,8,1,0,16,0,0,1,0,0,0,0,0,0,0,0,0,0,0,0,0
64,2,29,1,0,45,0,0,1,0,0,0,0,0,0,0,0,1,0,0,0,0
68,1,8,10,0,61,1,0,1,0,0,0,0,0,0,0,0,0,0,2,0,1
68,2,29,1,0,45,0,0,1,0,0,0,0,0,0,0,0,0,0,0,0,0
70,1,8,1,0,29,0,0,1,0,0,0,0,0,0,0,0,0,0,0,0,0
70,2,29,1,0,45,0,0,0,2,0,0,0,0,0,0,0,2,0,0,0,0
72,1,8,9,0,74,0,0,1,0,0,0,0,0,0,0,0,3,0,0,0,1
72,2,29,0,0,90,0,0,0,2,1,0,0,0,0,0,0,1,0,0,0,0
76,1,8,11,0,90,0,0,1,0,0,0,0,0,0,0,8,0,0,0,0,1
76,2,29,1,0,90,0,0,0,2,0,0,0,0,0,0,1,0,0,0,0,0
77,1,8,9,0,84,0,1,1,0,0,0,0,0,0,0,0,3,1,0,0,1
77,2,29,2,0,78,0,0,0,2,0,0,0,0,0,0,0,1,0,0,0,0
80,1,8,11,0,90,1,0,1,0,0,0,0,0,0,0,0,1,0,1,0,1
80,2,29,1,0,45,0,0,1,0,0,0,0,0,0,0,0,1,0,1,0,0
81,1,8,3,0,90,0,0,1,0,0,0,0,0,0,0,0,0,0,0,0,0
81,2,29,2,0,90,0,0,0,2,0,0,0,0,0,0,0,1,0,0,0,0
85,1,20,1,0,59,0,0,0,1,0,0,0,0,0,0,0,0,0,0,0,0
86,1,20,2,0,90,0,0,0,1,0,0,0,0,0,0,0,1,0,0,0,0
88,1,20,1,0,31,0,0,1,0,0,0,0,0,0,0,0,1,0,0,0,0
90,1,20,2,0,90,0,0,0,1,0,0,0,0,0,0,0,1,0,0,0,0
91,1,20,1,0,59,0,0,0,1,0,0,0,0,0,0,0,0,0,0,0,0
95,1,20,9,0,45,1,0,0,1,0,0,0,0,0,0,0,2,0,2,0,1
97,1,20,1,0,45,0,0,1,0,0,0,0,0,0,0,0,0,0,0,0,0
98,1,20,3,0,90,0,0,0,1,0,0,0,0,0,0,3,0,0,0,0,0
102,1,20,1,0,31,0,0,1,0,0,0,0,0,0,0,0,0,0,1,0,0
103,1,20,2,0,90,0,0,0,1,0,0,0,0,0,0,0,2,0,0,0,0
106,1,20,3,0,90,0,0,0,1,0,0,0,0,0,0,0,3,0,0,0,0
107,1,20,1,0,90,0,0,0,1,1,0,0,0,0,0,0,1,0,0,0,0
108,1,20,10,0,83,1,0,0,1,0,0,0,0,0,0,0,1,0,1,0,1
109,1,20,1,0,7,0,0,1,0,0,0,0,0,0,0,0,1,0,0,0,0
110,1,20,1,0,31,0,0,1,0,0,0,0,0,0,0,0,0,0,0,0,0
111,1,20,7,0,59,0,1,0,1,0,0,0,0,0,0,0,4,0,0,0,1
114,1,14,0,0,34,0,0,1,0,1,0,0,0,0,0,0,1,0,0,0,0
114,2,38,9,0,90,0,0,1,0,0,0,0,0,0,0,0,0,0,4,0,1
115,1,14,0,0,56,0,0,0,1,1,0,0,0,0,0,0,4,0,0,0,0
115,2,38,1,0,32,0,0,1,0,0,0,0,0,0,0,0,0,0,0,0,0
116,2,38,1,0,17,0,0,1,0,0,0,0,0,0,0,0,0,0,0,0,0
117,1,14,7,0,90,0,1,0,1,0,0,0,0,0,0,0,1,0,1,0,1
117,2,38,1,0,58,0,0,1,0,0,0,0,0,0,0,0,1,0,0,0,0
121,1,14,2,0,90,0,0,0,1,0,0,0,0,0,0,0,2,0,1,0,0
121,2,38,9,0,90,0,0,1,0,0,0,0,0,0,0,0,0,0,0,0,1
123,1,14,2,0,90,0,0,0,1,0,0,0,0,0,0,0,1,0,0,0,0
123,2,38,7,0,66,0,0,1,0,0,1,0,0,0,0,0,2,0,0,0,1
124,1,14,1,0,24,0,0,1,0,0,0,0,0,0,0,0,0,0,0,0,0
124,2,38,1,0,73,0,0,1,0,1,0,0,0,0,0,0,0,0,0,0,0
125,1,14,2,0,86,0,0,0,1,0,0,0,0,0,0,0,0,0,0,0,0
127,2,38,1,0,32,0,0,1,0,0,0,0,0,0,0,0,1,0,1,0,0
128,2,38,1,0,58,0,0,1,0,0,0,0,0,0,0,0,1,0,0,0,0
129,1,14,2,0,66,0,0,0,1,0,0,0,0,0,0,0,2,0,0,0,0
135,1,14,1,0,34,0,0,1,0,0,0,0,0,0,0,0,2,1,0,0,0
135,2,38,1,0,58,0,0,1,0,0,0,0,0,0,0,0,1,0,0,0,0
136,1,14,1,0,56,0,0,0,1,0,0,0,0,0,0,0,0,0,0,0,0
137,1,14,2,0,90,0,0,0,1,0,0,0,0,0,0,0,1,1,0,0,0
137,2,38,3,0,90,0,0,1,0,0,0,0,0,0,0,0,2,0,1,0,0
138,1,14,2,0,86,0,0,0,1,0,0,0,0,0,0,0,0,0,1,0,0
138,2,38,3,0,87,0,0,1,0,0,0,0,0,0,0,0,1,0,1,0,0
139,1,3,7,0,84,0,1,0,1,0,0,0,0,0,0,0,3,1,0,0,1
139,2,26,-1,0,90,0,0,0,4,0,0,0,0,0,0,0,3,0,0,0,0
140,1,3,2,0,90,0,0,0,1,0,0,0,0,0,0,0,3,0,0,0,0
140,2,26,-2,0,90,0,0,0,4,1,0,0,0,0,0,0,2,0,1,0,0
141,1,3,2,0,90,0,0,0,1,0,0,0,0,0,0,0,1,0,0,0,0
141,2,26,-3,0,80,0,0,0,4,0,1,0,0,0,0,0,0,0,0,0,0
142,1,3,1,0,90,0,0,0,1,1,0,0,0,0,0,0,5,0,0,0,0
142,2,26,-1,0,90,0,0,0,4,0,0,0,0,0,0,0,3,0,0,0,0
146,1,3,1,0,90,0,0,0,1,1,0,0,0,0,0,0,3,0,1,0,0
146,2,26,2,0,86,0,0,0,2,0,0,0,0,0,0,0,1,0,0,0,0
147,2,26,1,0,64,0,0,1,0,1,0,0,0,0,0,0,0,0,0,0,0
148,1,3,9,0,62,1,0,1,0,1,0,0,0,0,0,0,1,0,2,0,1
148,2,26,1,0,4,0,0,0,2,0,0,0,0,0,0,0,0,0,0,0,0
150,1,3,2,0,74,0,0,1,0,0,0,0,0,0,0,0,0,0,0,0,0
150,2,26,1,0,26,0,0,0,4,0,0,0,0,0,0,0,0,0,0,0,0
151,1,3,1,0,28,0,0,0,1,0,0,0,0,0,0,0,1,0,0,0,0
152,1,3,1,0,16,0,0,0,1,0,0,0,0,0,0,0,0,0,0,0,0
152,2,26,2,0,89,0,0,0,3,0,0,0,0,0,0,0,0,0,0,0,0
153,1,3,2,0,90,0,0,0,1,0,0,0,0,0,0,1,0,0,0,0,0
153,2,26,0,0,90,0,0,0,4,0,0,0,0,0,0,3,0,0,0,0,0
156,1,3,3,0,74,0,0,1,0,0,0,0,0,0,0,0,0,0,0,0,0
156,2,26,1,0,90,0,0,0,4,0,0,0,0,1,0,0,2,0,1,0,0
157,1,3,1,0,6,0,0,1,0,0,0,0,0,0,0,0,0,0,0,0,0
158,1,3,1,0,16,0,0,0,1,0,0,0,0,0,0,0,0,0,0,0,0
158,2,26,2,0,86,0,0,0,2,0,0,0,0,0,0,0,2,0,0,0,0
159,1,3,1,0,28,0,0,0,1,0,0,0,0,0,0,0,1,0,0,0,0
160,1,3,3,0,62,0,0,1,0,0,0,0,0,0,0,0,0,0,0,0,0
160,2,26,1,0,27,0,0,0,4,0,0,0,0,0,0,0,0,0,0,0,0
161,1,3,3,0,90,0,0,0,1,0,0,0,0,0,0,0,3,0,0,0,0
161,2,26,3,0,63,0,0,1,0,0,0,0,0,0,0,0,0,0,0,0,0
162,2,26,4,0,4,0,1,0,2,0,0,0,0,0,0,0,0,0,0,0,0
164,1,6,2,0,90,0,0,0,1,0,0,0,0,0,0,0,1,0,0,0,0
164,2,31,7,0,90,0,0,1,0,0,0,0,0,0,0,0,1,0,0,0,0
165,1,6,2,0,90,0,0,0,1,0,0,0,0,0,0,0,0,0,0,0,0
165,2,31,7,0,90,0,0,1,0,0,0,0,0,0,0,0,2,0,0,0,0
166,1,6,0,0,45,0,0,0,1,1,0,0,0,0,0,0,1,0,0,0,0
167,1,6,1,0,45,0,0,1,0,0,0,0,0,0,0,0,0,0,0,0,0
167,2,31,9,0,90,0,0,1,0,0,0,0,0,0,0,0,1,0,0,0,1
168,1,6,2,0,90,0,0,0,1,0,0,0,0,0,0,0,7,0,0,0,0
168,2,31,8,0,90,0,0,1,0,1,0,0,0,0,0,0,2,0,0,0,1
173,1,6,8,0,90,1,0,0,1,0,0,0,0,0,0,0,1,0,1,0,0
173,2,31,12,0,81,1,1,1,0,0,0,0,0,0,0,0,0,1,2,0,0
174,1,6,1,0,29,0,0,1,0,0,0,0,0,0,0,0,2,0,0,0,0
174,2,31,15,0,64,2,0,1,0,0,0,0,0,0,0,0,2,0,2,0,1
176,2,31,1,0,26,0,0,1,0,0,0,0,0,0,0,0,0,1,0,0,0
177,1,6,1,0,28,0,0,1,0,0,0,0,0,0,0,0,0,0,0,0,0
178,1,6,2,0,62,0,0,0,1,0,0,0,0,0,0,0,2,0,1,0,0
179,2,31,1,0,50,0,0,1,0,0,0,0,0,0,0,0,0,0,0,0,0
181,2,31,1,0,26,0,0,1,0,0,0,0,0,0,0,0,1,0,0,0,0
183,1,6,2,0,90,0,0,0,1,0,0,0,0,0,0,2,0,0,0,0,0
183,2,31,8,0,90,0,0,1,0,0,0,0,0,0,0,3,0,0,0,0,0
186,1,6,1,0,45,0,0,1,0,0,0,0,0,0,0,0,1,0,0,0,0
187,1,6,1,0,10,0,0,1,0,0,0,0,0,0,0,0,0,0,1,0,0
187,2,31,1,0,9,0,0,1,0,0,0,0,0,0,0,0,1,0,0,0,0
188,1,6,0,0,45,0,0,0,1,1,0,0,0,0,0,0,1,0,0,0,0
188,2,31,7,0,90,0,0,1,0,0,0,0,0,0,0,0,6,0,0,0,1
190,1,6,3,0,61,0,0,0,1,0,0,0,0,0,0,0,4,0,1,0,0
190,2,31,8,0,64,0,1,1,0,0,0,0,0,0,0,0,1,1,0,0,1
195,1,13,1,0,14,0,0,1,0,0,0,0,0,0,0,0,1,0,0,0,0
196,2,39,1,0,10,0,0,1,0,0,0,0,0,0,0,0,1,0,0,0,0
198,1,13,3,0,90,0,0,1,0,0,0,0,0,0,0,0,1,0,0,0,0
198,2,39,11,0,71,1,0,0,2,0,0,0,0,0,0,0,2,0,1,1,1
199,1,13,9,0,90,0,0,1,0,0,0,0,0,0,0,0,0,0,0,0,1
199,2,39,1,0,90,0,0,0,2,0,0,0,0,0,0,0,3,0,0,0,0
201,1,13,9,0,90,0,0,1,0,0,0,0,0,0,0,0,0,0,0,0,1
201,2,39,1,0,90,0,0,0,2,0,0,0,0,0,0,0,3,0,0,0,0
203,1,13,8,0,76,0,0,1,0,1,0,0,0,0,0,0,2,0,0,0,1
203,2,39,0,0,90,0,0,0,2,1,0,0,0,0,0,0,2,0,0,0,0
205,1,13,9,0,90,0,0,1,0,0,0,0,0,0,0,0,5,0,1,0,1
205,2,39,0,0,90,0,0,0,2,1,0,0,0,0,0,0,2,0,0,0,0
206,1,13,2,0,90,0,0,1,0,0,0,0,0,0,0,0,2,0,0,0,0
206,2,39,2,0,90,0,0,0,2,0,0,0,0,0,0,0,0,0,0,0,0
207,1,13,2,0,61,0,0,1,0,0,0,0,0,0,0,0,1,0,0,0,0
208,1,13,2,0,61,0,0,1,0,0,0,0,0,0,0,0,0,0,0,0,0
209,1,13,1,0,29,0,0,1,0,0,0,0,0,0,0,0,1,0,0,0,0
209,2,39,1,0,32,0,0,1,0,0,0,0,0,0,0,0,0,0,0,0,0
210,2,39,1,0,58,0,0,0,2,0,0,0,0,0,0,0,1,0,0,0,0
211,1,13,1,0,29,0,0,1,0,0,0,0,0,0,0,0,1,0,0,0,0
214,1,13,11,0,90,0,0,1,0,0,0,0,0,0,0,7,0,0,0,0,1
214,2,39,1,0,90,0,0,0,2,0,0,0,0,0,0,0,0,0,0,0,0
217,1,13,1,0,11,0,0,1,0,0,0,0,0,0,0,0,0,1,0,0,0
217,2,39,4,0,45,0,1,0,2,0,0,0,0,0,0,0,0,0,0,0,0
218,1,13,1,0,29,0,0,1,0,0,0,0,0,0,0,0,0,0,0,0,0
218,2,39,1,0,45,0,0,1,0,0,0,0,0,0,0,0,2,0,0,0,0
219,1,13,3,0,61,0,0,1,0,0,0,0,0,0,0,0,0,0,0,0,0
219,2,39,1,0,19,0,0,1,0,0,0,0,0,0,0,0,0,0,2,0,0
220,1,3,2,0,90,0,0,0,1,0,0,0,0,0,0,0,5,0,1,0,0
220,2,27,9,0,90,0,0,1,0,0,0,0,0,0,0,0,0,1,0,0,1
221,1,3,2,0,90,0,0,0,1,0,0,0,0,0,0,0,4,0,0,0,0
221,2,27,0,0,45,0,0,1,0,1,0,0,0,0,0,0,0,0,0,0,0
225,1,3,1,0,90,0,0,0,1,1,0,0,0,0,0,0,3,0,0,0,0
225,2,27,9,0,71,0,0,1,0,0,0,0,0,0,0,0,0,0,0,0,1
226,1,3,2,0,61,0,0,0,1,0,0,0,0,0,0,0,1,0,1,0,0
226,2,27,24,0,90,3,1,1,0,0,0,0,0,0,0,0,0,0,5,0,1
227,1,3,8,0,14,1,0,1,0,0,0,0,0,0,0,0,0,0,1,0,1
227,2,27,13,0,90,1,1,1,0,0,0,0,0,0,0,0,0,0,2,0,1
228,1,3,2,0,61,0,0,0,1,0,0,0,0,0,0,0,1,0,0,0,0
228,2,27,7,0,83,0,1,1,0,0,0,0,0,0,0,0,2,0,1,0,1
229,1,3,2,0,61,0,0,0,1,0,0,0,0,0,0,0,2,0,0,0,0
230,1,3,2,0,76,0,0,0,1,0,0,0,0,0,0,0,0,0,1,0,0
230,2,27,1,0,19,0,0,1,0,0,0,0,0,0,0,0,0,0,0,0,0
235,1,3,2,0,90,0,0,0,1,0,0,0,0,0,0,2,1,0,0,0,0
235,2,27,9,0,90,0,0,1,0,0,0,0,0,0,0,0,0,0,0,0,1
238,1,3,1,0,29,0,0,1,0,0,0,0,0,0,0,0,1,0,0,0,0
238,2,27,8,0,71,0,1,1,0,0,0,0,0,0,0,0,2,0,0,0,1
240,2,27,1,0,7,0,0,1,0,0,0,0,0,0,0,0,0,0,0,0,0
241,2,27,13,0,33,1,1,1,0,0,0,0,0,0,0,0,1,1,1,1,1
243,1,3,1,0,1,0,0,1,0,0,0,0,0,0,0,0,0,0,0,0,0
245,1,3,2,0,90,0,0,0,1,0,0,0,0,0,0,0,1,0,0,0,0
245,2,27,1,0,57,0,0,1,0,0,0,0,0,0,0,0,1,0,0,0,0
246,1,24,1,0,1,0,0,1,0,0,0,0,0,0,0,0,1,0,0,0,0
247,1,24,1,0,10,0,0,1,0,0,0,0,0,0,0,0,0,0,0,0,0
248,1,24,9,0,90,1,0,0,1,0,0,0,0,0,0,0,2,0,1,0,0
249,1,24,2,0,90,0,0,0,1,0,0,0,0,0,0,0,0,0,0,0,0
250,1,24,2,0,90,0,0,0,1,0,0,0,0,0,0,0,2,0,0,0,0
252,1,24,1,0,90,0,0,0,1,1,0,0,0,0,0,0,1,0,0,0,0
256,1,24,11,0,89,1,1,0,1,0,0,0,0,0,0,0,0,1,1,0,0
259,1,24,2,0,80,0,0,0,1,0,0,0,0,0,0,0,1,0,0,0,0
261,1,24,1,0,1,0,0,1,0,0,0,0,0,0,0,0,1,0,0,0,0
262,1,24,2,0,90,0,0,0,1,0,0,0,0,0,0,1,0,0,0,0,0
265,1,24,2,0,90,0,0,0,1,0,0,0,0,0,0,0,0,0,0,0,0
266,1,24,7,0,80,0,1,0,1,0,0,0,0,0,0,0,0,1,0,0,1
268,1,24,9,0,18,1,0,1,0,0,0,0,0,0,0,0,1,0,1,0,1
269,1,24,2,0,89,0,0,0,1,0,0,0,0,0,0,0,1,1,0,0,0
270,1,24,2,0,72,0,0,0,1,0,0,0,0,0,0,0,0,0,1,0,0
272,1,21,2,0,85,0,0,0,1,0,0,0,0,0,0,0,2,0,0,0,0
273,1,21,7,0,74,0,1,0,1,0,0,0,0,0,0,0,1,1,0,0,1
274,1,21,1,0,90,0,0,0,1,1,0,0,0,0,0,0,2,0,0,0,0
275,1,21,2,0,90,0,0,0,1,0,0,0,0,0,0,0,1,0,0,0,0
276,1,21,1,0,16,0,0,1,0,0,0,0,0,0,0,0,2,0,0,0,0
278,1,21,2,0,90,0,0,0,1,0,0,0,0,0,0,0,1,0,0,0,0
281,1,21,9,0,90,1,0,0,1,0,0,0,0,0,0,0,1,0,1,0,1
282,1,21,1,0,5,0,0,1,0,0,0,0,0,0,0,0,0,0,0,0,0
283,1,21,2,0,85,0,0,0,1,0,0,0,0,0,0,0,0,0,0,0,0
289,1,21,2,0,90,0,0,0,1,0,0,0,0,0,0,0,0,0,0,0,0
292,1,21,1,0,57,0,0,0,1,0,0,0,0,0,0,0,0,0,0,0,0
293,1,21,2,0,90,0,0,0,1,0,0,0,0,0,0,0,2,0,0,0,0
294,1,21,2,0,33,0,0,1,0,0,0,0,0,0,0,0,3,0,0,0,0
295,1,21,1,0,16,0,0,1,0,0,0,0,0,0,0,0,0,0,0,0,0
296,1,21,3,0,74,0,0,0,1,0,0,0,0,0,0,0,3,0,1,0,0
298,1,11,1,0,13,0,0,1,0,0,0,0,0,0,0,0,0,0,0,0,0
298,2,34,3,0,90,0,0,0,2,0,0,0,0,0,0,0,4,0,0,0,0
300,1,11,12,0,90,0,1,1,0,0,0,0,0,0,0,0,0,0,0,0,1
300,2,34,2,0,82,0,0,0,1,0,0,0,0,0,0,0,1,0,0,0,0
302,1,11,1,0,1,0,0,1,0,0,0,0,0,0,0,0,0,0,0,0,0
302,2,34,1,0,90,0,0,0,2,0,0,0,0,0,0,0,0,0,0,0,0
303,1,11,8,0,89,0,0,1,0,1,0,0,0,0,0,0,1,0,0,0,1
303,2,34,1,0,8,0,0,0,1,0,0,0,0,0,0,0,0,0,0,0,0
304,1,11,9,0,90,0,0,1,0,0,0,0,0,0,0,0,4,0,0,0,1
304,2,34,1,0,90,0,0,0,2,0,0,0,0,0,0,0,1,0,0,0,0
305,1,11,9,0,90,0,0,1,0,0,0,0,0,0,0,0,0,0,0,0,1
305,2,34,1,0,90,0,0,0,2,0,0,0,0,0,0,0,1,0,0,0,0
307,1,11,2,0,90,0,0,1,0,0,0,0,0,0,0,0,5,1,0,0,0
307,2,34,2,0,85,0,0,0,1,0,0,0,0,0,0,0,3,1,0,0,0
308,1,11,2,0,77,0,0,1,0,0,0,0,0,0,0,0,0,0,0,0,0
308,2,34,1,0,5,0,0,0,1,0,0,0,0,0,0,0,0,0,0,0,0
309,1,11,1,0,56,0,0,1,0,0,0,0,0,0,0,0,1,0,1,0,0
310,1,11,9,0,34,1,0,1,0,0,0,0,0,0,0,0,1,0,2,0,1
310,2,34,7,0,75,0,1,0,1,0,0,0,0,0,0,0,2,0,0,0,1
311,2,34,1,0,15,0,0,0,1,0,0,0,0,0,0,0,0,0,0,0,0
312,2,34,1,0,15,0,0,0,1,0,0,0,0,0,0,0,0,0,0,0,0
314,1,11,1,0,56,0,0,1,0,0,0,0,0,0,0,0,0,0,0,0,0
317,1,11,9,0,90,0,0,1,0,0,0,0,0,0,0,1,0,0,0,0,1
317,2,34,2,0,90,0,0,0,2,0,0,0,0,0,0,5,0,0,0,0,0
321,1,11,1,0,13,0,0,1,0,0,0,0,0,0,0,0,1,0,0,0,0
321,2,34,4,0,75,0,0,0,1,0,0,0,0,0,0,0,7,0,0,0,0
322,1,11,2,0,90,0,0,1,0,1,0,0,0,0,0,0,2,0,0,0,0
322,2,34,10,0,90,1,0,0,2,0,0,0,0,0,0,0,0,0,1,0,1
323,1,11,2,0,77,0,0,1,0,1,0,0,0,0,0,0,0,0,1,0,0
323,2,34,1,0,15,0,0,0,1,0,0,0,0,0,0,0,0,0,0,0,0
324,1,22,7,0,90,0,1,0,4,0,0,0,0,0,0,0,1,0,0,0,1
325,1,22,-1,0,90,0,0,0,4,0,0,0,0,0,0,0,2,0,0,0,0
326,1,22,-1,0,90,0,0,0,4,0,0,0,0,0,0,0,0,0,0,0,0
330,1,22,0,0,66,0,0,0,3,0,0,0,0,0,0,0,0,0,0,0,0
333,1,22,1,0,11,0,0,0,1,0,0,0,0,0,0,0,0,0,0,0,0
334,1,22,7,0,90,0,1,0,4,0,0,0,0,0,0,0,1,1,0,0,1
335,1,22,1,0,24,0,0,0,1,0,0,0,0,0,0,0,1,0,1,0,0
336,1,22,9,0,66,1,0,0,3,0,0,0,0,0,0,0,1,0,1,0,1
337,1,22,1,0,24,0,0,0,1,0,0,0,0,0,0,0,0,0,1,0,0
338,1,22,1,0,90,0,0,0,4,0,0,0,0,0,0,7,1,0,0,0,0
345,1,22,1,0,12,0,0,0,1,0,0,0,0,0,0,0,0,0,0,0,0
346,1,22,0,0,58,0,0,0,3,0,0,0,0,1,0,0,0,0,0,0,0
347,1,22,2,0,79,0,0,0,3,0,0,0,0,0,0,0,1,0,0,0,0
348,1,22,10,0,78,1,0,0,3,0,0,0,0,0,0,0,1,0,1,0,1
350,1,9,2,0,83,0,0,0,6,0,0,0,0,0,0,0,0,0,0,0,0
350,2,35,3,0,76,0,0,1,0,0,0,0,0,0,0,0,0,0,0,0,0
351,2,35,1,0,6,0,0,1,0,0,0,0,0,0,0,0,0,0,0,0,0
352,1,9,-4,0,90,0,0,0,7,0,0,0,0,0,0,0,4,0,0,0,0
352,2,35,8,0,90,0,0,1,0,1,0,0,0,0,0,0,0,0,1,0,1
353,1,9,-5,0,90,0,0,0,7,0,0,0,0,1,0,0,1,0,0,0,0
354,2,35,9,0,90,0,0,1,0,0,0,0,0,0,0,0,5,0,0,0,1
356,1,9,-4,0,90,0,0,0,7,0,0,0,0,0,0,0,3,0,0,0,0
356,2,35,9,0,90,0,0,1,0,0,0,0,0,0,0,0,3,0,0,0,1
357,2,35,1,0,14,0,0,1,0,0,0,0,0,0,0,0,1,0,0,0,0
359,2,35,8,0,90,0,0,1,0,1,0,0,0,0,0,0,3,0,0,0,1
360,1,9,3,0,90,1,0,0,7,0,0,0,0,0,0,0,0,0,1,0,0
360,2,35,8,0,84,0,0,1,0,1,0,0,0,0,0,0,0,0,1,0,1
363,1,9,1,0,45,0,0,0,3,0,0,0,0,0,0,0,1,0,1,0,0
364,2,35,1,0,15,0,0,1,0,0,0,0,0,0,0,0,0,0,0,0,0
365,1,9,1,0,25,0,0,0,3,0,0,0,0,0,0,0,0,0,0,0,0
365,2,35,1,0,14,0,0,1,0,0,0,0,0,0,0,0,0,0,0,0,0
366,1,9,1,0,7,0,0,0,1,0,0,0,0,0,0,0,0,0,0,0,0
366,2,35,0,0,7,0,0,1,0,1,0,0,0,0,0,0,1,0,0,0,0
367,1,9,1,0,45,0,0,0,4,0,0,0,0,0,0,0,1,0,0,0,0
368,1,9,-3,0,90,0,0,0,7,0,0,0,0,0,0,4,0,0,0,0,0
368,2,35,14,0,90,0,0,1,0,0,0,0,0,0,0,15,0,0,0,0,1
372,1,9,3,0,90,0,0,0,7,0,0,0,0,0,0,0,3,0,0,0,0
372,2,35,2,0,75,0,0,1,0,1,0,0,0,0,0,0,1,0,1,0,0
374,1,2,10,0,90,1,0,0,2,0,0,0,0,0,0,0,3,0,1,0,1
374,2,25,1,0,90,0,0,0,1,1,0,0,0,0,0,0,4,1,0,0,0
375,2,25,2,0,90,0,0,0,1,0,0,0,0,0,0,0,0,0,0,0,0
378,1,2,1,0,90,0,0,0,2,0,0,0,0,0,0,0,0,0,0,0,0
378,2,25,2,0,90,0,0,0,1,0,0,0,0,0,0,0,1,0,0,0,0
379,1,2,1,0,90,0,0,0,2,0,0,0,0,0,0,0,0,0,0,0,0
379,2,25,1,0,35,0,0,0,1,0,0,0,0,0,0,0,0,0,0,0,0
380,1,2,4,0,90,0,1,0,2,0,0,0,0,0,0,0,0,1,0,0,0
380,2,25,2,0,90,0,0,0,1,0,0,0,0,0,0,0,1,1,0,0,0
381,1,2,1,0,90,0,0,0,2,0,0,0,0,0,0,0,1,0,0,0,0
382,1,2,2,0,64,0,0,1,0,0,0,0,0,0,0,0,0,0,0,0,0
382,2,25,2,0,90,0,0,0,1,0,0,0,0,0,0,0,0,0,1,0,0
383,1,2,1,0,26,0,0,0,2,0,0,0,0,0,0,0,0,0,0,0,0
384,1,2,1,0,6,0,0,1,0,0,0,0,0,0,0,0,0,0,0,0,0
387,1,2,2,0,90,0,0,0,2,0,0,0,0,0,0,4,0,0,0,0,0
387,2,25,3,0,90,0,0,0,1,0,0,0,0,0,0,3,0,0,0,0,0
390,2,25,3,0,78,0,0,1,0,0,0,0,0,0,0,0,1,0,1,0,0
391,2,25,1,0,55,0,0,1,0,0,0,0,0,0,0,0,1,0,0,0,0
393,1,2,2,0,90,0,0,0,2,0,0,0,0,0,0,0,0,0,0,0,0
393,2,25,1,0,23,0,0,0,1,0,0,0,0,0,0,0,1,0,0,0,0
395,1,2,1,0,26,0,0,0,2,0,0,0,0,0,0,0,0,0,2,0,0
395,2,25,11,0,67,1,0,1,0,0,0,0,0,0,0,0,1,0,1,0,1
396,1,2,3,0,64,0,0,1,0,0,0,0,0,0,0,0,2,0,0,0,0
396,2,25,1,0,23,0,0,0,1,0,0,0,0,0,0,0,1,0,0,0,0
397,1,2,3,0,64,0,0,1,0,0,0,0,0,0,0,0,2,0,0,0,0
397,2,25,0,0,35,0,0,0,1,0,0,0,0,1,0,0,0,0,0,0,0
399,2,35,0,0,45,0,0,1,0,1,0,0,0,0,0,0,1,0,0,0,0
400,2,35,9,0,70,0,0,1,0,0,0,0,0,0,0,0,3,0,0,0,1
403,1,11,1,0,28,0,0,0,1,0,0,0,0,0,0,0,0,0,0,0,0
403,2,35,1,0,7,0,0,1,0,0,0,0,0,0,0,0,0,0,0,0,0
404,1,11,2,0,90,0,0,0,1,0,0,0,0,0,0,0,2,0,0,0,0
407,1,11,0,0,28,0,0,0,1,1,0,0,0,0,0,0,0,0,0,0,0
412,1,11,2,0,77,0,0,1,0,0,0,0,0,0,0,0,1,0,0,0,0
412,2,35,4,0,90,0,0,1,0,0,0,0,0,0,0,0,0,0,5,0,0
413,1,11,2,0,90,0,0,0,1,0,0,0,0,0,0,0,3,0,1,0,0
413,2,35,3,0,90,0,0,1,0,0,0,0,0,0,0,0,2,0,3,0,0
414,1,11,3,0,62,0,0,1,0,0,0,0,0,0,0,0,1,0,0,0,0
414,2,35,4,0,89,0,0,1,0,0,0,0,0,0,0,0,1,2,2,0,0
415,1,11,1,0,13,0,0,0,1,0,0,0,0,0,0,0,0,0,0,0,0
415,2,35,1,0,45,0,0,1,0,0,0,0,0,0,0,0,1,0,1,0,0
416,1,11,1,0,56,0,0,1,0,0,0,0,0,0,0,0,0,0,0,0,0
417,2,35,1,0,1,0,0,1,0,0,0,0,0,0,0,0,0,0,0,0,0
423,1,11,3,0,90,0,0,0,1,0,0,0,0,0,0,3,0,0,0,0,0
423,2,35,8,0,90,0,0,1,0,0,0,0,0,0,0,3,0,0,0,0,0
428,1,11,3,0,62,0,0,1,0,0,0,0,0,0,0,0,2,0,0,0,0
428,2,35,3,0,83,0,0,1,0,0,0,0,0,0,0,0,2,0,0,0,0
429,1,11,3,0,90,0,0,0,1,0,0,0,0,0,0,0,3,1,0,0,0
429,2,35,3,0,90,0,0,1,0,0,0,0,0,0,0,0,2,0,1,0,0
430,1,11,2,0,90,0,0,0,1,0,0,0,0,0,0,0,2,0,0,0,0
430,2,35,3,0,90,0,0,1,0,0,0,0,0,0,0,0,2,1,1,0,0
432,1,14,2,0,90,0,0,0,1,1,0,0,0,0,0,0,3,0,0,0,0
432,2,40,2,0,90,0,0,0,1,0,0,0,0,0,0,0,0,0,0,0,0
433,1,14,1,0,14,0,0,1,0,0,0,0,0,0,0,0,0,0,0,0,0
433,2,40,1,0,6,0,0,1,0,0,0,0,0,0,0,0,0,0,1,0,0
434,1,14,3,0,88,0,0,0,1,0,0,0,0,0,0,0,4,0,0,0,0
434,2,40,1,0,41,0,0,0,1,0,0,0,0,0,0,0,2,0,0,0,0
435,1,14,10,0,71,1,0,0,1,0,0,0,0,0,0,0,1,0,1,0,1
435,2,40,2,0,84,0,0,0,1,0,0,0,0,0,0,0,0,0,0,0,0
437,2,40,0,0,0,0,0,1,0,0,0,0,0,0,0,0,0,0,0,0,0
438,1,14,1,0,88,0,0,0,1,1,0,0,0,0,0,0,3,1,0,0,0
438,2,40,2,0,90,0,0,0,1,0,0,0,0,0,0,0,3,1,1,0,0
439,1,14,0,0,90,0,0,0,1,0,0,1,0,0,0,0,6,0,0,0,0
439,2,40,7,0,90,0,1,0,1,0,0,0,0,0,0,0,1,1,0,0,1
440,1,14,1,0,19,0,0,1,0,0,0,0,0,0,0,0,0,0,0,0,0
440,2,40,1,0,49,0,0,1,0,0,0,0,0,0,0,0,2,0,0,0,0
441,2,40,1,0,14,0,0,1,0,0,0,0,0,0,0,0,0,0,0,0,0
444,1,14,2,0,90,0,0,0,1,0,0,0,0,0,0,0,1,0,0,0,0
444,2,40,2,0,90,0,0,0,1,0,0,0,0,0,0,0,1,0,0,0,0
445,1,14,2,0,90,0,0,0,1,0,0,0,0,0,0,0,1,0,0,0,0
445,2,40,2,0,75,0,0,0,1,0,0,0,0,0,0,0,0,0,1,0,0
447,2,40,8,0,15,1,0,1,0,0,0,0,0,0,0,0,0,0,1,0,1
453,1,14,3,0,90,0,0,0,1,0,0,0,0,0,0,3,0,0,0,0,0
453,2,40,3,0,90,0,0,0,1,0,0,0,0,0,0,4,0,0,0,0,0
455,1,14,4,0,90,0,0,0,1,0,0,0,0,0,0,0,8,0,0,0,0
455,2,40,2,0,90,0,0,0,1,1,0,0,0,0,0,0,5,0,0,0,0
456,1,14,1,0,2,0,0,1,0,0,0,0,0,0,0,0,0,0,0,0,0
457,1,22,1,0,90,0,0,0,2,0,0,0,0,0,0,0,0,0,1,0,0
461,1,22,1,0,3,0,0,1,0,0,0,0,0,0,0,0,0,0,0,0,0
463,1,22,1,0,90,0,0,0,2,0,0,0,0,0,0,0,0,0,1,0,0
466,1,22,1,0,87,0,0,0,2,0,0,0,0,0,0,0,1,0,0,0,0
467,1,22,1,0,10,0,0,1,0,0,0,0,0,0,0,0,1,0,1,0,0
468,1,22,13,0,90,2,0,0,2,0,0,0,0,0,0,0,1,0,3,0,0
469,1,22,4,0,18,0,1,1,0,0,0,0,0,0,0,0,0,0,0,0,0
471,1,22,9,0,18,1,0,1,0,0,0,0,0,0,0,0,0,0,1,0,1
474,1,22,2,0,72,0,0,0,2,0,0,0,0,0,0,0,0,0,1,0,0
475,1,22,1,0,18,0,0,1,0,0,0,0,0,0,0,0,1,1,0,0,0
476,1,22,4,0,72,0,0,0,2,0,0,0,1,0,0,0,0,1,0,0,0
477,1,22,2,0,90,0,0,0,2,0,0,0,0,0,0,3,0,0,0,0,0
486,1,22,7,0,90,0,1,0,2,0,0,0,0,0,0,0,2,1,0,0,1
488,1,22,5,0,72,0,1,0,2,0,0,0,0,0,0,0,0,1,1,0,0
491,1,22,9,0,80,1,0,0,2,0,0,0,0,0,0,0,3,0,2,0,0
492,1,17,2,0,90,0,0,0,1,0,0,0,0,0,0,0,2,0,0,0,0
494,1,17,2,0,90,0,0,0,1,0,0,0,0,0,0,0,6,0,0,0,0
500,1,17,14,0,90,2,0,0,1,0,0,0,0,0,0,0,0,0,4,0,0
501,1,17,3,0,80,0,0,1,0,0,0,0,0,0,0,0,1,0,0,0,0
505,1,17,3,0,87,0,0,1,0,0,0,0,0,0,0,0,0,0,1,0,0
506,1,17,2,0,90,0,0,0,1,0,0,0,0,0,0,2,0,0,0,0,0
510,1,17,7,0,90,0,1,0,1,0,0,0,0,0,0,0,0,1,0,0,1
515,1,17,3,0,90,0,0,0,1,0,0,0,0,0,0,0,3,0,0,0,0
516,1,17,1,0,3,0,0,0,1,0,0,0,0,0,0,0,0,0,0,0,0
517,1,17,6,0,90,0,1,0,1,0,0,0,0,0,0,0,2,2,2,0,0
520,1,9,1,0,17,0,0,1,0,0,0,0,0,0,0,0,0,0,0,0,0
520,2,34,1,0,45,0,0,1,0,0,0,0,0,0,0,0,1,0,0,0,0
521,1,9,1,0,17,0,0,1,0,0,0,0,0,0,0,0,0,0,1,0,0
523,1,9,2,0,73,0,0,0,1,0,0,0,0,0,0,0,0,1,0,0,0
523,2,34,2,0,90,0,0,0,1,0,0,0,0,0,0,0,1,0,0,0,0
525,1,9,14,0,73,1,1,0,1,0,0,0,0,0,0,0,2,1,1,0,1
525,2,34,2,0,90,0,0,0,1,0,0,0,0,0,0,0,6,0,1,0,0
526,1,9,11,0,90,1,0,0,1,0,0,0,0,0,0,0,2,0,2,0,1
526,2,34,1,0,45,0,0,0,1,0,0,0,0,0,0,0,1,0,0,0,0
527,1,9,1,0,7,0,0,1,0,0,0,0,0,0,0,0,2,0,0,0,0
528,1,9,13,0,90,2,0,0,1,0,0,0,0,0,0,0,0,0,2,0,0
528,2,34,2,0,85,0,0,0,1,0,0,0,0,0,0,0,0,0,1,0,0
529,1,9,2,0,90,0,0,0,1,0,0,0,0,0,0,0,2,0,0,0,0
529,2,34,2,0,60,0,0,0,1,0,0,0,0,0,0,0,1,0,0,0,0
531,1,9,14,0,26,1,2,1,0,0,0,0,0,0,0,0,0,1,1,0,1
531,2,34,14,0,30,2,0,1,0,0,0,0,0,0,0,0,0,0,3,0,1
540,1,9,1,0,17,0,0,1,0,0,0,0,0,0,0,0,0,0,0,0,0
540,2,34,1,0,5,0,0,1,0,0,0,0,0,0,0,0,1,0,0,0,0
542,1,9,8,0,83,0,2,0,1,0,0,0,0,0,0,0,0,2,0,0,0
542,2,34,2,0,90,0,0,0,1,0,0,0,0,0,0,0,3,2,0,0,0
543,1,9,5,0,90,0,1,0,1,0,0,0,0,0,0,0,2,0,0,0,0
543,2,34,2,0,90,0,0,0,1,0,0,0,0,0,0,0,2,1,1,0,0
565,1,23,2,0,45,0,0,1,0,0,0,0,0,0,0,3,0,0,0,0,0
571,1,7,1,0,90,0,0,0,1,1,0,0,0,0,0,0,1,0,0,0,0
571,2,31,2,0,81,0,0,0,3,0,0,0,0,0,0,0,0,0,0,0,0
573,1,7,3,0,90,0,0,0,1,0,0,0,0,0,0,0,4,0,0,0,0
573,2,31,1,0,90,0,0,0,3,1,0,0,0,0,0,0,2,0,0,0,0
574,2,31,0,0,90,0,0,0,3,0,0,0,0,0,0,0,2,0,0,0,0
575,1,7,2,0,90,0,0,0,1,0,0,0,0,0,0,0,0,0,0,0,0
575,2,31,-2,0,45,0,0,0,3,1,0,0,0,0,0,0,2,0,0,0,0
576,1,7,2,0,90,0,0,0,1,0,0,0,0,0,0,0,2,0,0,0,0
576,2,31,0,0,90,0,0,0,3,0,0,0,0,0,0,0,2,0,0,0,0
577,1,7,2,0,90,0,0,0,1,0,0,0,0,0,0,0,0,0,0,0,0
577,2,31,0,0,90,0,0,0,3,0,0,0,0,0,0,0,2,0,1,0,0
578,1,7,2,0,90,0,0,0,1,0,0,0,0,0,0,0,4,0,0,0,0
578,2,31,0,0,90,0,0,0,3,0,0,0,0,0,0,0,4,0,0,0,0
582,1,7,2,0,76,0,0,0,1,0,0,0,0,0,0,0,0,0,0,0,0
582,2,31,1,0,45,0,0,1,0,0,0,0,0,0,0,0,0,0,1,0,0
584,1,7,2,0,90,0,0,0,1,0,0,0,0,0,0,0,0,0,1,0,0
584,2,31,0,0,45,0,0,0,3,1,0,0,0,0,0,0,0,0,0,0,0
585,2,31,1,0,9,0,0,1,0,0,0,0,0,0,0,0,0,0,0,0,0
586,1,7,2,0,61,0,0,0,1,0,0,0,0,0,0,0,0,0,0,0,0
586,2,31,1,0,28,0,0,1,0,0,0,0,0,0,0,0,0,0,0,0,0
588,1,7,1,0,5,0,0,1,0,0,0,0,0,0,0,0,0,0,0,0,0
589,1,7,1,0,29,0,0,1,0,0,0,0,0,0,0,0,0,0,0,0,0
589,2,31,2,0,62,0,0,0,3,0,0,0,0,0,0,0,0,0,0,0,0
590,1,7,2,0,85,0,0,0,1,0,0,0,0,0,0,0,1,0,1,0,0
590,2,31,2,0,71,0,0,0,3,0,0,0,0,0,0,0,0,0,0,0,0
591,1,7,2,0,90,0,0,0,1,0,0,0,0,0,0,1,0,0,0,0,0
591,2,31,0,0,90,0,0,0,3,0,0,0,0,0,0,2,0,0,0,0,0
597,1,16,13,0,90,1,1,0,2,0,0,0,0,0,0,0,4,1,1,0,1
597,2,38,9,0,90,0,0,1,0,0,0,0,0,0,0,0,0,0,0,0,1
598,2,38,9,0,90,0,0,1,0,0,0,0,0,0,0,0,1,0,1,0,1
599,1,16,1,0,90,0,0,0,2,0,0,0,0,0,0,0,2,0,0,0,0
599,2,38,1,0,24,0,0,1,0,0,0,0,0,0,0,0,1,0,0,0,0
600,1,16,1,0,90,0,0,0,2,0,0,0,0,0,0,0,2,0,0,0,0
600,2,38,9,0,90,0,0,1,0,0,0,0,0,0,0,0,4,0,0,0,1
601,1,16,0,0,25,0,0,1,0,1,0,0,0,0,0,0,0,0,0,0,0
601,2,38,9,0,66,0,0,1,0,0,0,0,0,0,0,0,0,0,0,0,1
603,2,38,1,0,45,0,0,1,0,0,0,0,0,0,0,0,0,0,0,0,0
606,1,16,1,0,90,0,0,0,2,0,0,0,0,0,0,0,0,0,0,0,0
606,2,38,9,0,90,0,0,1,0,0,0,0,0,0,0,0,1,0,0,0,1
608,1,16,1,0,45,0,0,0,1,0,0,0,0,0,0,0,0,0,1,0,0
610,1,16,2,0,80,0,0,0,2,0,0,0,0,0,0,0,0,0,0,0,0
610,2,38,2,0,90,0,0,1,0,0,0,0,0,0,0,0,1,0,1,0,0
611,2,38,1,0,45,0,0,1,0,0,0,0,0,0,0,0,1,0,0,0,0
612,1,16,2,0,65,0,0,0,2,0,0,0,0,0,0,0,2,0,0,0,0
612,2,38,2,0,79,0,0,1,0,0,0,0,0,0,0,0,3,0,0,0,0
614,1,16,1,0,37,0,0,0,1,0,0,0,0,0,0,0,1,0,0,0,0
616,1,16,1,0,10,0,0,1,0,0,0,0,0,0,0,0,1,0,0,0,0
616,2,38,1,0,5,0,0,1,0,0,0,0,0,0,0,0,1,0,0,0,0
620,1,16,3,0,90,0,0,0,2,0,0,0,0,0,0,6,0,0,0,0,0
620,2,38,11,0,90,0,0,1,0,0,0,0,0,0,0,7,0,0,0,0,1
625,2,38,1,0,24,0,0,1,0,0,0,0,0,0,0,0,2,0,0,0,0
626,1,16,2,0,90,0,0,0,2,0,0,0,0,0,0,0,1,0,1,0,0
626,2,38,3,0,85,0,0,1,0,1,0,0,0,0,0,0,3,0,1,0,0
627,1,16,10,0,90,1,0,0,2,0,0,0,0,0,0,0,1,0,1,0,1
627,2,38,3,0,66,0,0,1,0,0,0,0,0,0,0,0,1,0,0,0,0
629,1,16,1,0,45,0,0,0,1,0,0,0,0,0,0,0,1,0,0,0,0
630,1,18,2,0,59,0,0,0,2,0,0,0,0,0,0,0,5,0,0,0,0
631,1,18,1,0,31,0,0,0,2,0,0,0,0,0,0,0,1,0,0,0,0
635,1,18,7,0,90,0,1,0,4,0,0,0,0,0,0,0,0,0,0,0,1
637,1,18,-1,0,90,0,0,0,4,0,0,0,0,0,0,0,6,0,0,0,0
641,1,18,1,0,73,0,0,0,2,0,0,0,0,0,0,0,0,0,0,0,0
642,1,18,-2,0,90,0,0,0,4,1,0,0,0,0,0,0,0,0,0,0,0
644,1,18,-1,0,90,0,0,0,4,0,0,0,0,0,0,0,0,0,0,0,0
646,1,18,7,0,90,1,0,0,4,0,0,1,0,0,0,0,0,0,1,0,1
647,1,18,1,0,12,0,0,0,1,0,0,0,0,0,0,0,0,0,0,0,0
648,1,18,2,0,73,0,0,0,2,0,0,0,0,0,0,0,1,0,0,0,0
649,1,18,1,0,59,0,0,0,2,0,0,0,0,0,0,0,2,1,0,0,0
656,1,18,1,0,31,0,0,0,2,0,0,0,0,0,0,0,0,0,0,0,0
657,1,18,2,0,78,0,0,0,3,0,0,0,0,0,0,0,1,0,0,0,0
659,1,10,2,0,90,0,0,0,2,0,0,0,0,0,0,0,2,0,0,0,0
659,2,36,8,0,90,0,1,1,0,0,0,0,0,0,0,0,1,0,0,0,1
662,1,10,1,0,15,0,0,1,0,0,0,0,0,0,0,0,0,0,1,0,0
662,2,36,1,0,16,0,0,1,0,0,0,0,0,0,0,0,0,0,0,0,0
663,1,10,1,0,75,0,0,0,2,0,0,0,0,0,0,0,2,0,0,0,0
665,1,10,1,0,90,0,0,0,2,0,0,0,0,0,0,0,0,0,0,0,0
665,2,36,9,0,90,0,0,1,0,0,0,0,0,0,0,0,3,0,0,0,1
666,1,10,1,0,90,0,0,0,2,0,0,0,0,0,0,0,0,0,0,0,0
667,2,36,1,0,11,0,0,1,0,0,0,0,0,0,0,0,0,0,0,0,0
668,2,36,1,0,17,0,0,1,0,0,0,0,0,0,0,0,0,0,0,0,0
669,1,10,1,0,24,0,0,1,0,0,0,0,0,0,0,0,0,0,0,0,0
669,2,36,11,0,90,1,0,1,0,0,0,0,0,0,0,0,2,0,1,0,1
670,1,10,2,0,66,0,0,0,2,0,0,0,0,0,0,0,0,0,0,0,0
671,1,10,10,0,90,1,0,0,2,0,0,0,0,0,0,0,1,0,1,0,1
671,2,36,8,0,79,0,1,1,0,0,0,0,0,0,0,0,2,1,0,0,1
672,1,10,2,0,84,0,0,0,2,0,0,0,0,0,0,0,1,0,0,0,0
672,2,36,18,0,84,2,1,1,0,0,0,0,0,0,0,0,0,1,3,0,1
673,1,10,4,0,15,0,1,1,0,0,0,0,0,0,0,0,0,0,0,0,0
675,2,36,1,0,6,0,0,1,0,0,0,0,0,0,0,0,1,0,0,0,0
676,1,10,1,0,6,0,0,1,0,0,0,0,0,0,0,0,0,0,0,0,0
677,1,10,2,0,90,0,0,0,2,0,0,0,0,0,0,4,0,0,0,0,0
677,2,36,9,0,90,0,0,1,0,0,0,0,0,0,0,0,0,0,0,0,1
680,2,36,1,0,11,0,0,1,0,0,0,0,0,0,0,0,1,0,0,0,0
681,2,36,4,0,90,0,0,1,0,0,0,0,0,0,0,0,4,0,0,0,0
682,1,10,11,0,90,1,0,0,2,0,0,0,0,0,0,0,3,0,1,0,1
682,2,36,11,0,73,1,0,1,0,0,0,0,0,0,0,0,1,0,1,0,1
684,1,10,1,0,75,0,0,0,2,0,0,0,0,0,0,0,1,0,0,0,0
684,2,36,9,0,74,0,0,1,0,0,0,0,0,0,0,0,1,0,0,0,1
687,1,20,1,0,2,0,0,0,1,0,0,0,0,0,0,0,0,0,0,0,0
688,1,20,7,0,90,0,1,0,3,0,0,0,0,0,0,0,2,0,0,0,1
689,1,20,3,0,90,0,0,0,3,0,0,0,0,0,0,0,4,0,0,0,0
690,1,20,-2,0,90,0,0,0,3,0,0,1,0,0,0,0,3,0,0,0,0
691,1,20,1,0,81,0,0,0,2,0,0,0,0,0,0,0,0,0,0,0,0
692,1,20,0,0,90,0,0,0,3,0,0,0,0,0,0,0,1,0,0,0,0
698,1,20,-1,0,18,0,0,0,2,0,0,0,0,1,0,0,1,0,0,0,0
699,1,20,2,0,72,0,0,0,1,0,0,0,0,0,0,0,0,0,0,0,0
701,1,20,2,0,88,0,0,0,2,0,0,0,0,0,0,0,2,0,1,0,0
703,1,20,1,0,9,0,0,0,1,0,0,0,0,0,0,0,1,0,0,0,0
707,1,20,1,0,1,0,0,0,1,0,0,0,0,0,0,0,0,0,0,0,0
708,1,20,2,0,89,0,0,0,2,0,0,0,0,0,0,0,1,0,1,0,0
709,1,20,0,0,90,0,0,0,3,0,0,0,0,0,0,1,0,0,0,0,0
713,1,2,1,0,6,0,0,1,0,0,0,0,0,0,0,0,0,0,0,0,0
714,1,2,1,0,6,0,0,1,0,0,0,0,0,0,0,0,0,0,0,0,0
715,1,2,2,0,90,0,0,0,1,0,0,0,0,0,0,0,1,0,0,0,0
715,2,28,2,0,90,0,0,0,1,0,0,0,0,0,0,0,2,0,0,0,0
716,1,2,2,0,90,0,0,0,1,0,0,0,0,0,0,0,1,0,0,0,0
716,2,28,2,0,71,0,0,0,1,0,0,0,0,0,0,0,0,0,0,0,0
718,2,28,2,0,71,0,0,0,1,0,0,0,0,0,0,0,1,0,0,0,0
719,1,2,2,0,90,0,0,0,1,0,0,0,0,0,0,0,1,0,0,0,0
719,2,28,2,0,90,0,0,0,1,0,0,0,0,0,0,0,2,0,0,0,0
720,1,2,2,0,69,0,0,0,1,0,0,0,0,0,0,0,1,0,0,0,0
723,1,2,2,0,69,0,0,0,1,0,0,0,0,0,0,0,0,0,1,0,0
723,2,28,1,0,57,0,0,0,1,0,0,0,0,0,0,0,1,0,0,0,0
724,1,2,1,0,28,0,0,1,0,0,0,0,0,0,0,0,0,0,0,0,0
724,2,28,1,0,33,0,0,1,0,0,0,0,0,0,0,0,0,0,0,0,0
725,2,28,1,0,13,0,0,1,0,0,0,0,0,0,0,0,0,0,1,0,0
726,1,2,8,0,21,1,0,1,0,0,0,0,0,0,0,0,0,0,1,0,1
726,2,28,1,0,33,0,0,1,0,0,0,0,0,0,0,0,0,0,0,0,0
727,2,28,1,0,19,0,0,1,0,0,0,0,0,0,0,0,2,0,1,0,0
728,1,2,1,0,21,0,0,1,0,0,0,0,0,0,0,0,2,0,0,0,0
728,2,28,1,0,19,0,0,1,0,0,0,0,0,0,0,0,0,1,0,0,0
730,1,2,3,0,90,0,0,0,1,0,0,0,0,0,0,3,0,0,0,0,0
730,2,28,3,0,90,0,0,0,1,0,0,0,0,0,0,3,0,0,0,0,0
732,1,2,2,0,84,0,0,0,1,0,0,0,0,0,0,0,0,0,0,0,0
732,2,28,1,0,77,0,0,0,1,1,0,0,0,0,0,0,1,0,0,0,0
736,1,2,7,0,90,0,1,0,1,0,0,0,0,0,0,0,1,1,1,0,1
736,2,28,1,0,90,0,0,0,1,1,0,0,0,0,0,0,1,1,0,0,0
737,1,2,2,0,62,0,0,0,1,0,0,0,0,0,0,0,0,1,1,0,0
737,2,28,2,0,57,0,0,0,1,0,0,0,0,0,0,0,4,0,0,0,0
738,2,28,1,0,19,0,0,1,0,0,0,0,0,0,0,0,1,0,1,0,0
740,1,1,9,0,90,0,0,1,0,0,0,0,0,0,0,0,1,0,0,0,1
740,2,28,9,0,90,0,0,1,0,0,0,0,0,0,0,0,0,0,0,0,1
741,1,1,7,0,90,0,0,1,0,0,1,0,0,0,0,0,0,0,0,0,1
742,1,1,9,0,90,0,0,1,0,0,0,0,0,0,0,0,0,0,0,0,1
742,2,28,9,0,90,0,0,1,0,0,0,0,0,0,0,0,2,0,0,0,1
743,2,28,9,0,90,0,0,1,0,0,0,0,0,0,0,0,0,0,0,0,1
744,1,1,9,0,90,0,0,1,0,0,0,0,0,0,0,0,0,0,0,0,1
744,2,28,1,0,10,0,0,1,0,0,0,0,0,0,0,0,1,0,0,0,0
748,1,1,10,0,76,1,0,1,0,0,0,0,0,0,0,0,1,0,2,0,1
748,2,28,2,0,80,0,0,1,0,0,0,0,0,0,0,0,0,0,1,0,0
750,1,1,10,0,79,1,0,1,0,0,0,0,0,0,0,0,0,0,2,0,1
750,2,28,2,0,84,0,0,1,0,0,0,0,0,0,0,0,0,1,1,0,0
751,1,1,1,0,11,0,0,1,0,0,0,0,0,0,0,0,0,0,0,0,0
752,1,1,7,0,90,0,1,1,0,0,0,0,0,0,0,0,4,1,0,0,1
752,2,28,2,0,80,0,0,1,0,0,0,0,0,0,0,0,1,0,0,0,0
754,1,1,1,0,14,0,0,1,0,0,0,0,0,0,0,0,0,0,0,0,0
757,1,1,7,0,90,0,0,1,0,0,0,0,0,0,0,2,0,0,0,0,0
757,2,28,7,0,90,0,0,1,0,0,0,0,0,0,0,2,0,0,0,0,0
758,1,1,2,0,66,0,0,1,0,1,0,0,0,0,0,0,0,0,0,0,0
758,2,28,3,0,71,0,0,1,0,0,0,0,0,0,0,0,1,0,0,0,0
759,1,1,8,0,76,0,1,1,0,0,0,0,0,0,0,0,2,1,0,0,1
759,2,28,3,0,90,0,0,1,0,0,0,0,0,0,0,0,2,0,0,0,0
762,2,28,1,0,19,0,0,1,0,0,0,0,0,0,0,0,0,0,0,0,0
763,1,1,3,0,66,0,0,1,0,0,0,0,0,0,0,0,0,0,0,0,0
765,1,6,1,0,25,0,0,1,0,0,0,0,0,0,0,0,0,0,0,0,0
765,2,30,1,0,1,0,0,1,0,0,0,0,0,0,0,0,0,0,0,0,0
773,1,6,1,0,10,0,0,1,0,0,0,0,0,0,0,0,0,0,0,0,0
792,1,6,10,0,89,1,0,0,1,0,0,0,0,0,0,0,1,0,1,0,1
792,2,30,11,0,84,1,0,1,0,0,0,0,0,0,0,0,1,1,1,0,1
795,1,10,1,0,90,0,0,0,2,0,0,0,0,0,0,0,1,0,0,0,0
795,2,33,8,0,90,0,2,0,1,0,0,0,0,0,0,0,3,2,0,0,0
796,1,10,8,0,90,1,0,0,2,0,0,0,0,0,0,0,0,0,1,0,0
796,2,33,2,0,90,0,0,0,1,0,0,0,0,0,0,0,0,0,0,0,0
797,1,10,0,0,90,0,0,0,2,1,0,0,0,0,0,0,1,0,0,0,0
797,2,33,2,0,90,0,0,0,1,0,0,0,0,0,0,0,2,0,0,0,0
798,1,10,1,0,9,0,0,0,1,0,0,0,0,0,0,0,0,0,0,0,0
802,1,10,1,0,90,0,0,0,2,0,0,0,0,0,0,0,2,0,1,0,0
802,2,33,2,0,90,0,0,0,1,0,0,0,0,0,0,0,1,0,0,0,0
804,1,10,2,0,85,0,0,0,1,0,0,0,0,0,0,0,1,0,1,0,0
804,2,33,19,0,89,2,1,0,1,0,0,0,0,0,0,0,1,1,4,0,1
805,1,10,3,0,70,0,0,0,1,0,0,0,0,0,0,0,0,0,2,0,0
805,2,33,1,0,45,0,0,1,0,0,0,0,0,0,0,0,0,0,0,0,0
806,2,33,1,0,1,0,0,1,0,0,0,0,0,0,0,0,0,0,0,0,0
807,1,10,1,0,5,0,0,0,1,0,0,0,0,0,0,0,0,0,0,0,0
807,2,33,15,0,72,2,0,0,1,0,0,0,0,0,0,0,0,0,2,0,1
809,1,10,1,0,90,0,0,0,2,0,0,0,0,0,0,1,0,0,0,0,0
809,2,33,4,0,90,0,0,0,1,0,0,0,0,0,0,7,0,0,0,0,0
812,1,10,10,0,81,0,2,0,1,0,0,0,0,0,0,0,0,1,0,0,1
812,2,33,3,0,90,0,0,0,1,0,0,0,0,0,0,0,3,0,0,0,0
814,1,10,1,0,20,0,0,0,1,0,0,0,0,0,0,0,1,0,0,0,0
814,2,33,1,0,31,0,0,1,0,0,0,0,0,0,0,0,1,0,0,0,0
816,1,10,2,0,70,0,0,0,1,0,0,0,0,0,0,0,0,0,0,0,0
816,2,33,1,0,59,0,0,0,1,0,0,0,0,0,0,0,0,0,0,0,0
817,1,10,1,0,20,0,0,0,1,0,0,0,0,0,0,0,2,0,0,0,0
818,1,16,2,0,68,0,0,0,2,0,0,0,0,0,0,0,1,0,1,0,0
818,2,40,1,0,65,0,0,0,1,1,0,0,0,0,0,0,0,0,2,0,0
821,1,16,3,0,90,0,0,0,2,0,0,0,0,0,0,0,3,0,0,0,0
821,2,40,2,0,90,0,0,0,3,0,0,0,0,0,0,0,2,0,0,0,0
822,1,16,1,0,22,0,0,1,0,0,0,0,0,0,0,0,0,0,0,0,0
822,2,40,1,0,15,0,0,0,1,0,0,0,0,0,0,0,1,0,0,0,0
823,1,16,2,0,89,0,0,0,2,0,0,0,0,0,0,0,1,0,0,0,0
823,2,40,3,0,90,0,0,0,3,0,0,0,0,0,0,0,2,2,0,0,0
825,1,16,1,0,1,0,0,1,0,0,0,0,0,0,0,0,1,0,0,0,0
825,2,40,1,0,5,0,0,1,0,0,0,0,0,0,0,0,0,0,1,0,0
826,2,40,1,0,5,0,0,1,0,0,0,0,0,0,0,0,0,0,0,0,0
827,1,16,1,0,78,0,0,0,2,0,0,0,0,0,0,0,1,0,0,0,0
827,2,40,3,0,85,0,1,0,3,0,0,0,0,0,0,0,2,1,0,0,0
829,1,16,1,0,12,0,0,1,0,0,0,0,0,0,0,0,1,0,0,0,0
830,1,16,1,0,90,0,0,0,2,0,0,0,0,0,0,0,2,0,0,0,0
830,2,40,9,0,90,1,0,0,3,0,0,0,0,0,0,0,0,0,1,0,1
832,1,16,16,0,90,2,0,0,2,0,0,0,0,0,0,0,1,0,2,0,1
832,2,40,2,0,85,0,0,0,3,0,0,0,0,0,0,0,2,0,1,0,0
834,1,16,1,0,22,0,0,1,0,0,0,0,0,0,0,0,0,0,0,0,0
834,2,40,1,0,25,0,0,0,2,0,0,0,0,0,0,0,0,0,0,0,0
835,1,16,1,0,1,0,0,1,0,0,0,0,0,0,0,0,0,0,0,0,0
835,2,40,1,0,15,0,0,0,1,0,0,0,0,0,0,0,0,0,0,0,0
838,1,16,1,0,90,0,0,0,2,0,0,0,0,0,0,2,0,0,0,0,0
838,2,40,1,0,90,0,0,0,3,0,0,0,0,0,0,4,0,0,0,0,0
841,1,18,2,0,90,0,0,0,1,0,0,0,0,0,0,0,1,0,0,0,0
843,1,18,1,0,17,0,0,1,0,0,0,0,0,0,0,0,1,0,0,0,0
845,1,18,1,0,9,0,0,1,0,0,0,0,0,0,0,0,1,0,0,0,0
846,1,18,2,0,90,0,0,0,1,0,0,0,0,0,0,0,1,0,0,0,0
847,1,18,2,0,90,0,0,0,1,0,0,0,0,0,0,0,4,0,0,0,0
849,1,18,10,0,17,1,0,1,0,0,0,0,0,0,0,0,0,0,1,0,1
850,1,18,7,0,73,0,1,0,1,0,0,0,0,0,0,0,1,1,0,0,1
852,1,18,2,0,90,0,0,0,1,0,0,0,0,0,0,0,1,0,0,0,0
855,1,18,17,0,90,2,1,0,1,0,0,0,0,0,0,0,0,0,4,0,0
856,1,18,2,0,73,0,0,0,1,0,0,0,0,0,0,0,0,0,0,0,0
857,1,18,1,0,17,0,0,1,0,0,0,0,0,0,0,0,0,0,0,0,0
859,1,18,2,0,90,0,0,0,1,0,0,0,0,0,0,0,0,0,0,0,0
863,1,18,2,0,73,0,0,0,1,0,0,0,0,0,0,0,1,0,0,0,0
864,1,18,1,0,17,0,0,1,0,0,0,0,0,0,0,0,1,0,0,0,0
865,1,23,2,0,90,0,0,0,1,1,0,0,0,0,0,0,5,1,0,0,0
866,1,23,4,0,63,0,0,1,0,0,0,0,0,0,0,0,4,0,0,0,0
867,1,23,2,0,90,0,0,0,1,0,0,0,0,0,0,0,0,0,0,0,0
868,1,23,3,0,74,0,0,1,0,0,0,0,0,0,0,0,1,0,0,0,0
869,1,23,1,0,1,0,0,0,1,0,0,0,0,0,0,0,0,0,0,0,0
870,1,23,2,0,90,0,0,0,1,0,0,0,0,0,0,0,6,0,0,0,0
871,1,23,2,0,90,0,0,0,1,0,0,0,0,0,0,0,0,0,0,0,0
873,1,23,8,0,89,0,0,1,0,1,0,0,0,0,0,0,3,0,1,0,1
874,1,23,2,0,90,0,0,0,1,0,0,0,0,0,0,0,4,0,0,0,0
876,1,23,2,0,90,0,0,0,1,0,0,0,0,0,0,0,6,0,0,0,0
879,1,23,2,0,16,0,0,0,1,0,0,0,0,0,0,0,0,0,2,0,0
880,1,23,1,0,27,0,0,0,1,0,0,0,0,0,0,0,0,0,0,0,0
881,1,23,2,0,63,0,0,1,0,0,0,0,0,0,0,0,0,0,1,0,0
885,1,23,2,0,90,0,0,0,1,0,0,0,0,0,0,2,0,1,0,0,0
888,1,4,9,0,45,1,0,0,1,0,0,0,0,0,0,0,2,0,1,0,1
889,1,4,1,0,10,0,0,0,1,0,0,0,0,0,0,0,0,0,0,0,0
890,2,32,11,0,89,1,0,1,0,1,0,0,0,0,0,0,3,0,1,0,1
893,1,4,-1,0,90,0,0,0,4,0,0,0,0,0,0,0,1,0,0,0,0
893,2,32,9,0,90,0,0,1,0,0,0,0,0,0,0,0,0,0,0,0,1
894,1,4,-2,0,90,0,0,0,4,1,0,0,0,0,0,0,2,0,0,0,0
894,2,32,9,0,90,0,0,1,0,0,0,0,0,0,0,0,2,0,0,0,1
895,1,4,-1,0,90,0,0,0,4,0,0,0,0,0,0,0,0,0,0,0,0
895,2,32,9,0,90,0,0,1,0,0,0,0,0,0,0,0,0,0,0,0,1
898,1,4,1,0,11,0,0,0,1,0,0,0,0,0,0,0,0,0,0,0,0
898,2,32,1,0,23,0,0,1,0,0,0,0,0,0,0,0,0,0,0,0,0
899,1,4,-1,0,79,0,0,0,3,1,0,0,0,0,0,0,5,0,0,0,0
899,2,32,9,0,81,0,0,1,0,0,0,0,0,0,0,0,9,0,1,0,1
900,2,32,1,0,1,0,0,1,0,0,0,0,0,0,0,0,1,0,0,0,0
901,1,4,1,0,79,0,0,0,3,1,0,0,0,0,0,0,2,0,0,0,0
901,2,32,0,0,45,0,0,1,0,0,1,0,0,0,0,0,3,0,0,0,0
902,1,4,2,0,62,0,0,0,3,0,0,0,0,0,0,0,0,0,0,0,0
903,1,4,1,0,11,0,0,0,1,0,0,0,0,0,0,0,0,0,0,0,0
904,1,4,0,0,28,0,0,0,1,1,0,0,0,0,0,0,1,0,0,0,0
905,2,32,1,0,1,0,0,1,0,0,0,0,0,0,0,0,1,0,0,0,0
907,2,32,1,0,9,0,0,1,0,0,0,0,0,0,0,0,0,0,0,0,0
910,1,4,0,0,90,0,0,0,4,0,0,0,0,0,0,3,0,0,0,0,0
910,2,32,10,0,90,0,0,1,0,0,0,0,0,0,0,5,0,0,0,0,1
911,1,4,-1,0,45,0,0,0,3,0,0,1,0,0,0,0,0,0,0,0,0
911,2,32,1,0,45,0,0,1,0,0,0,0,0,0,0,0,2,0,0,0,0
912,1,4,7,0,90,0,1,0,4,0,0,0,0,0,0,0,2,1,0,0,1
912,2,32,8,0,89,0,1,1,0,0,0,0,0,0,0,0,1,0,0,0,1
913,1,4,1,0,80,0,0,0,3,1,0,0,0,0,0,0,2,0,0,0,0
913,2,32,3,0,67,0,0,1,0,0,0,0,0,0,0,0,2,0,0,0,0
916,1,21,2,0,72,0,0,0,1,0,0,0,0,0,0,0,1,0,0,0,0
917,1,21,2,0,90,0,0,0,1,0,0,0,0,0,0,0,2,0,0,0,0
921,1,21,2,0,90,0,0,0,1,0,0,0,0,0,0,0,2,0,0,0,0
922,1,21,1,0,90,0,0,0,1,1,0,0,0,0,0,0,0,0,0,0,0
923,1,21,1,0,7,0,0,1,0,0,0,0,0,0,0,0,0,0,0,0,0
925,1,21,7,0,71,0,1,0,1,0,0,0,0,0,0,0,0,0,0,0,1
928,1,21,1,0,45,0,0,1,0,0,0,0,0,0,0,0,1,0,0,0,0
936,1,21,2,0,83,0,0,0,1,0,0,0,0,0,0,0,0,0,0,0,0
937,1,21,10,0,90,1,0,0,1,0,0,0,0,0,0,0,1,0,1,0,1
939,1,21,3,0,90,0,0,0,1,0,0,0,0,0,0,0,3,0,0,0,0
942,1,5,1,0,11,0,0,1,0,0,0,0,0,0,0,0,0,0,0,0,0
942,2,27,-1,0,45,0,0,0,3,0,0,1,0,0,0,0,1,0,0,0,0
943,1,5,2,0,60,0,0,0,1,0,0,0,0,0,0,0,0,0,0,0,0
943,2,27,2,0,90,0,0,0,6,0,0,0,0,0,0,0,1,0,0,0,0
944,1,5,1,0,30,0,0,1,0,0,0,0,0,0,0,0,2,0,0,0,0
944,2,27,0,0,42,0,0,0,2,1,0,0,0,0,0,0,0,0,0,0,0
946,1,5,1,0,30,0,0,1,0,0,0,0,0,0,0,0,0,0,0,0,0
947,1,5,2,0,79,0,0,0,1,0,0,0,0,0,0,0,0,0,0,0,0
947,2,27,-1,0,53,0,0,0,6,0,1,0,0,0,0,0,1,0,0,0,0
949,1,5,2,0,90,0,0,0,1,0,0,0,0,0,0,0,1,0,0,0,0
949,2,27,-3,0,90,0,0,0,6,0,0,0,0,0,0,0,1,0,0,0,0
951,2,27,1,0,3,0,0,0,1,0,0,0,0,0,0,0,1,0,0,0,0
952,1,5,2,0,90,0,0,0,1,0,0,0,0,0,0,0,2,0,0,0,0
952,2,27,-3,0,90,0,0,0,6,0,0,0,0,0,0,0,2,0,0,0,0
955,2,27,-1,0,31,0,0,0,3,0,0,0,0,0,0,0,3,0,0,0,0
957,1,5,2,0,90,0,0,0,1,0,0,0,0,0,0,0,2,0,0,0,0
957,2,27,-3,0,90,0,0,0,6,0,0,0,0,0,0,0,1,0,0,0,0
958,1,5,2,0,90,0,0,0,1,0,0,0,0,0,0,0,1,0,0,0,0
958,2,27,1,0,59,0,0,0,3,0,0,0,0,0,0,0,0,0,0,0,0
960,1,5,3,0,88,0,0,0,1,0,0,0,0,0,0,0,0,0,2,0,0
960,2,27,1,0,45,0,0,0,3,0,0,0,0,0,0,0,1,0,0,0,0
961,1,5,1,0,2,0,0,1,0,0,0,0,0,0,0,0,0,0,0,0,0
962,1,5,2,0,60,0,0,0,1,0,0,0,0,0,0,0,3,0,0,0,0
962,2,27,1,0,40,0,0,0,2,0,0,0,0,0,0,0,1,0,0,0,0
971,1,5,1,0,90,0,0,0,1,1,0,0,0,1,0,5,0,0,0,0,0
971,2,27,-2,0,90,0,0,0,6,0,0,0,0,0,0,4,0,0,0,0,0
972,1,15,3,0,63,0,0,1,0,0,0,0,0,0,0,0,1,0,0,0,0
972,2,37,1,0,45,0,0,0,3,0,0,0,0,0,0,0,2,0,0,0,0
978,1,15,7,0,90,0,1,0,1,0,0,0,0,0,0,0,1,0,1,0,1
978,2,37,0,0,45,0,0,0,1,1,0,0,0,0,0,0,0,0,0,0,0
980,1,15,2,0,90,0,0,0,1,0,0,0,0,0,0,0,1,0,0,0,0
980,2,37,1,0,45,0,0,0,3,0,0,0,0,0,0,0,1,0,0,0,0
983,1,15,2,0,89,0,0,0,1,0,0,0,0,0,0,0,5,0,0,0,0
983,2,37,-1,0,90,0,0,0,4,0,0,0,0,0,0,0,2,0,0,0,0
984,1,15,10,0,90,1,0,0,1,1,0,0,0,0,0,0,1,0,2,0,1
984,2,37,-1,0,60,0,0,0,4,0,0,0,0,0,0,0,0,0,0,0,0
987,1,15,1,0,9,0,0,1,0,0,0,0,0,0,0,0,0,0,0,0,0
991,1,15,1,0,1,0,0,1,0,0,0,0,0,0,0,0,0,0,0,0,0
991,2,37,-1,0,90,0,0,0,4,0,0,0,0,0,0,0,1,0,0,0,0
992,1,15,2,0,89,0,0,0,1,0,0,0,0,0,0,0,0,0,0,0,0
992,2,37,2,0,60,0,0,0,4,0,0,0,0,0,0,0,0,0,0,0,0
993,1,15,1,0,1,0,0,1,0,0,0,0,0,0,0,0,0,0,0,0,0
993,2,37,1,0,45,0,0,0,1,0,0,0,0,0,0,0,0,0,1,0,0
994,2,37,1,0,1,0,0,1,0,0,0,0,0,0,0,0,0,0,0,0,0
1001,1,15,7,0,90,0,0,0,1,0,0,0,0,0,0,9,0,0,0,0,1
1001,2,37,0,0,90,0,0,0,4,0,0,0,0,0,0,5,0,0,0,0,0
1003,1,7,11,0,83,1,0,1,0,0,0,0,0,0,0,0,0,0,1,0,1
1003,2,30,2,0,89,0,0,0,1,0,0,0,0,0,0,0,0,0,0,0,0
1007,1,7,2,0,15,0,0,1,0,0,0,0,0,0,0,0,3,0,0,0,0
1007,2,30,2,0,71,0,0,0,1,0,0,0,0,0,0,0,1,0,0,0,0
1008,1,7,0,0,7,0,0,1,0,1,0,0,0,0,0,0,1,0,0,0,0
1008,2,30,1,0,19,0,0,1,0,0,0,0,0,0,0,0,2,0,0,0,0
1009,1,7,9,0,90,0,0,1,0,0,0,0,0,0,0,0,1,0,0,0,1
1009,2,30,1,0,90,0,0,0,1,1,0,0,0,0,0,0,0,1,0,0,0
1010,2,30,2,0,60,0,0,0,1,0,0,0,0,0,0,0,3,0,0,0,0
1011,1,7,1,0,15,0,0,1,0,0,0,0,0,0,0,0,0,0,0,0,0
1011,2,30,2,0,89,0,0,0,1,0,0,0,0,0,0,0,1,0,0,0,0
1012,1,7,9,0,90,0,0,1,0,0,0,0,0,0,0,0,0,0,0,0,1
1012,2,30,2,0,90,0,0,0,1,0,0,0,0,0,0,0,2,0,0,0,0
1015,2,30,1,0,1,0,0,1,0,0,0,0,0,0,0,0,0,0,0,0,0
1018,1,7,9,0,90,0,0,1,0,0,0,0,0,0,0,0,2,0,0,0,1
1018,2,30,2,0,90,0,0,0,1,0,0,0,0,0,0,0,0,0,0,0,0
1019,1,7,7,0,75,0,1,1,0,0,0,0,0,0,0,0,0,0,1,0,1
1019,2,30,2,0,71,0,0,0,1,0,0,0,0,0,0,0,1,0,0,0,0
1022,1,7,1,0,15,0,0,1,0,0,0,0,0,0,0,0,0,0,0,0,0
1022,2,30,1,0,19,0,0,1,0,0,0,0,0,0,0,0,1,0,0,0,0
1023,1,7,0,0,7,0,0,1,0,1,0,0,0,0,0,0,0,0,0,0,0
1025,1,7,9,0,90,0,0,1,0,0,0,0,0,0,0,2,0,0,0,0,1
1025,2,30,2,0,90,0,0,0,1,0,0,0,0,0,0,1,1,0,0,0,0
1027,1,7,3,0,90,0,0,1,0,0,0,0,0,0,0,0,0,0,0,0,0
1027,2,30,2,0,90,0,0,0,1,0,0,0,0,0,0,0,1,0,0,0,0
1028,1,7,3,0,90,0,0,1,0,0,0,0,0,0,0,0,1,0,0,0,0
1028,2,30,4,0,90,0,0,0,1,0,0,0,0,0,0,0,7,0,0,0,0
1029,1,17,2,0,88,0,0,0,2,0,0,0,0,0,0,0,2,0,0,0,0
1031,1,17,1,0,2,0,0,0,1,0,0,0,0,0,0,0,0,0,0,0,0
1032,1,17,2,0,83,0,0,0,2,0,0,0,0,0,0,0,0,0,0,0,0
1034,1,17,0,0,90,0,0,0,3,0,0,0,0,0,0,0,0,0,0,0,0
1035,1,17,0,0,90,0,0,0,3,0,0,0,0,0,0,0,2,1,0,0,0
1037,1,17,0,0,90,0,0,0,3,0,0,0,0,0,0,0,4,0,0,0,0
1041,1,17,2,0,83,0,0,0,2,0,0,0,0,0,0,0,1,0,0,0,0
1042,1,17,4,0,7,0,1,0,1,0,0,0,0,0,0,0,0,0,0,0,0
1043,1,17,2,0,75,0,0,0,1,0,0,0,0,0,0,0,0,0,0,0,0
1048,1,17,1,0,7,0,0,0,1,0,0,0,0,0,0,0,0,0,0,0,0
1049,1,17,8,0,15,1,0,0,2,0,0,0,0,0,0,0,0,0,1,0,1
1051,1,17,1,0,90,0,0,0,3,0,0,0,0,0,0,5,0,0,0,0,0
1054,1,17,3,0,90,0,0,0,3,0,0,0,0,0,0,0,5,0,0,0,0
1055,1,17,2,0,76,0,0,0,1,0,0,0,0,0,0,0,0,0,0,0,0
1056,1,17,1,0,14,0,0,0,2,0,0,0,0,0,0,0,0,0,0,0,0
1057,1,1,2,0,61,0,0,0,1,0,0,0,0,0,0,0,0,0,0,0,0
1057,2,25,1,0,45,0,0,0,1,0,0,0,0,0,0,0,0,0,0,0,0
1058,1,1,1,0,90,0,0,0,2,1,0,0,0,0,0,0,0,0,0,0,0
1058,2,25,9,0,90,1,0,0,1,1,0,0,0,0,0,0,2,0,1,0,1
1059,1,1,-1,0,23,0,0,0,1,0,1,0,0,0,0,0,0,0,0,0,0
1060,1,1,1,0,34,0,0,0,1,0,0,0,0,0,0,0,2,0,0,0,0
1060,2,25,2,0,90,0,0,0,1,1,0,0,0,0,0,0,3,0,0,0,0
1062,1,1,-1,0,49,0,0,0,2,0,1,0,0,0,0,0,0,0,0,0,0
1063,1,1,1,0,77,0,0,0,2,0,0,0,0,0,0,0,3,0,1,0,0
1063,2,25,2,0,90,0,0,0,1,0,0,0,0,0,0,0,6,0,0,0,0
1065,1,1,1,0,90,0,0,0,2,0,0,0,0,0,0,0,4,0,0,0,0
1065,2,25,2,0,90,0,0,0,1,0,0,0,0,0,0,0,3,0,0,0,0
1066,1,1,0,0,90,0,0,0,2,1,0,0,0,0,0,0,0,0,0,0,0
1067,1,1,1,0,90,0,0,0,2,0,0,0,0,0,0,0,2,0,1,0,0
1067,2,25,2,0,90,0,0,0,1,0,0,0,0,0,0,0,2,0,0,0,0
1069,1,1,1,0,90,0,0,0,2,0,0,0,0,0,0,0,2,0,0,0,0
1069,2,25,2,0,90,0,0,0,1,0,0,0,0,0,0,0,1,0,0,0,0
1071,1,1,1,0,56,0,0,0,1,0,0,0,0,0,0,0,0,0,0,0,0
1072,2,25,1,0,45,0,0,1,0,0,0,0,0,0,0,0,0,0,1,0,0
1073,1,1,1,0,13,0,0,1,0,0,0,0,0,0,0,0,1,0,0,0,0
1073,2,25,2,0,90,0,0,0,1,0,0,0,0,0,0,0,2,0,0,0,0
1075,1,1,1,0,13,0,0,1,0,0,0,0,0,0,0,0,0,0,0,0,0
1075,2,25,2,0,24,0,0,1,0,0,0,0,0,0,0,0,1,0,2,0,0
1076,2,25,7,0,84,0,1,0,1,0,0,0,0,0,0,0,1,0,0,0,1
1077,1,1,1,0,90,0,0,0,2,0,0,0,0,0,0,2,0,0,0,0,0
1077,2,25,2,0,90,0,0,0,1,0,0,0,0,0,0,2,0,0,0,0,0
1081,2,37,1,0,45,0,0,1,0,0,0,0,0,0,0,0,0,0,0,0,0
1082,2,37,3,0,61,0,0,1,0,0,0,0,0,0,0,0,0,0,0,0,0
1085,2,37,7,0,90,0,0,1,0,0,0,0,0,0,0,0,3,0,1,0,0
1086,1,13,9,0,90,0,0,1,0,0,0,0,0,0,0,0,0,0,1,0,1
1086,2,37,12,0,90,0,1,1,0,0,0,0,0,0,0,0,1,1,0,0,1
1088,1,13,7,0,90,0,0,1,0,0,0,0,0,0,0,0,1,1,1,0,0
1088,2,37,10,0,90,0,1,1,0,0,0,0,0,0,0,0,0,0,1,0,0
1089,1,13,7,0,90,0,0,1,0,0,0,0,0,0,0,0,0,0,0,0,0
1089,2,37,7,0,90,0,0,1,0,0,0,0,0,0,0,0,0,0,0,0,0
1092,1,13,1,0,19,0,0,1,0,0,0,0,0,0,0,0,0,0,0,0,0
1092,2,37,7,0,45,1,0,1,0,0,0,0,0,0,0,0,1,0,2,0,0
1093,1,13,2,0,81,0,0,1,0,0,0,0,0,0,0,0,0,0,1,0,0
1093,2,37,1,0,45,0,0,1,0,0,0,0,0,0,0,0,0,0,1,0,0
1094,1,13,2,0,90,0,0,1,0,0,0,0,0,0,0,0,1,0,1,0,0
1094,2,37,15,0,45,2,1,1,0,0,0,0,0,0,0,0,1,1,3,0,0
1099,1,13,7,0,90,0,0,1,0,0,0,0,0,0,0,1,0,0,0,0,0
1099,2,37,7,0,90,0,0,1,0,0,0,0,0,0,0,1,0,0,0,0,0
1102,1,13,9,0,90,0,0,1,0,0,0,0,0,0,0,0,2,0,0,0,1
1104,1,13,3,0,87,0,0,1,0,0,0,0,0,0,0,0,2,0,0,0,0
1104,2,37,3,0,90,0,0,1,0,0,0,0,0,0,0,0,2,0,0,0,0
1105,1,13,1,0,9,0,0,1,0,0,0,0,0,0,0,0,0,0,0,0,0
1105,2,37,8,0,61,0,1,1,0,0,0,0,0,0,0,0,1,1,0,0,1
1106,1,13,2,0,90,0,0,1,0,1,0,0,0,0,0,0,2,1,1,0,0
1106,2,37,3,0,70,0,0,1,0,0,0,0,0,0,0,0,0,0,0,0,0
1109,2,33,1,0,34,0,0,0,1,0,0,0,0,0,0,0,1,0,1,0,0
1110,1,12,1,0,25,0,0,1,0,0,0,0,0,0,0,0,1,0,0,0,0
1110,2,33,1,0,1,0,0,1,0,0,0,0,0,0,0,0,0,0,0,0,0
1111,2,33,1,0,11,0,0,0,1,0,0,0,0,0,0,0,0,0,0,0,0
1113,1,12,4,0,25,0,1,1,0,0,0,0,0,0,0,0,1,0,0,0,0
1113,2,33,0,0,34,0,0,0,1,1,0,0,0,0,0,0,1,0,0,0,0
1114,1,12,17,0,90,2,0,0,1,0,0,0,0,0,0,0,3,0,2,0,1
1114,2,33,1,0,79,0,0,0,4,1,0,0,0,0,0,0,1,0,1,0,0
1116,1,12,2,0,84,0,0,0,1,0,0,0,0,0,0,0,1,0,0,0,0
1116,2,33,1,0,56,0,0,0,4,0,0,0,0,0,0,0,2,0,0,0,0
1117,1,12,9,0,6,1,0,1,0,0,0,0,0,0,0,0,0,0,1,0,1
1118,1,12,1,0,1,0,0,1,0,0,0,0,0,0,0,0,0,0,0,0,0
1119,1,12,2,0,65,0,0,0,1,0,0,0,0,0,0,0,2,0,0,0,0
1119,2,33,-3,0,89,0,0,0,5,1,0,0,0,0,0,0,1,0,0,0,0
1121,1,12,2,0,90,0,0,0,1,0,0,0,0,0,0,0,1,0,0,0,0
1121,2,33,-2,0,90,0,0,0,5,0,0,0,0,0,0,0,0,0,0,0,0
1122,1,12,2,0,90,0,0,0,1,0,0,0,0,0,0,0,0,0,0,0,0
1122,2,33,-2,0,90,0,0,0,5,0,0,0,0,0,0,0,8,0,1,0,0
1124,1,12,14,0,90,1,2,0,1,0,0,0,0,0,0,0,0,2,2,0,0
1124,2,33,3,0,90,0,0,0,5,0,0,0,0,0,0,0,1,0,3,0,0
1125,1,12,1,0,1,0,0,1,0,0,0,0,0,0,0,0,0,0,0,0,0
1125,2,33,8,0,35,1,0,0,1,0,0,0,0,0,0,0,0,0,1,0,1
1126,1,12,2,0,65,0,0,0,1,0,0,0,0,0,0,0,0,0,0,0,0
1126,2,33,1,0,56,0,0,0,4,0,0,0,0,0,0,0,0,0,0,0,0
1129,1,12,2,0,90,0,0,0,1,0,0,0,0,0,0,1,0,0,0,0,0
1129,2,33,-2,0,90,0,0,0,5,0,0,0,0,0,0,2,0,0,0,0,0
1133,1,5,1,0,25,0,0,0,1,0,0,0,0,0,0,0,0,1,0,0,0
1133,2,26,15,0,19,2,0,0,1,0,0,0,0,0,0,0,0,0,2,0,1
1135,1,5,2,0,90,0,0,0,1,0,0,0,0,0,0,0,0,0,0,0,0
1135,2,26,10,0,90,1,0,0,1,0,0,0,0,0,0,0,2,0,1,0,1
1137,1,5,3,0,65,0,0,1,0,0,0,0,0,0,0,0,0,0,1,0,0
1137,2,26,4,0,71,0,0,1,0,0,0,0,0,0,0,0,4,0,0,0,0
1138,1,5,7,0,89,0,0,1,0,0,0,0,1,0,0,0,1,0,0,0,1
1138,2,26,2,0,90,0,0,0,1,0,0,0,0,0,0,0,2,0,0,0,0
1139,1,5,1,0,1,0,0,0,1,0,0,0,0,0,0,0,0,0,0,0,0
1140,1,5,1,0,25,0,0,0,1,0,0,0,0,0,0,0,0,1,0,0,0
1140,2,26,4,0,71,0,0,1,0,0,0,0,0,0,0,0,3,0,0,0,0
1141,1,5,2,0,90,0,0,0,1,0,0,0,0,0,0,0,1,0,1,0,0
1141,2,26,2,0,90,0,0,0,1,0,0,0,0,0,0,0,3,0,0,0,0
1142,1,5,9,0,89,0,0,1,0,0,0,0,0,0,0,0,0,1,0,0,1
1142,2,26,2,0,90,0,0,0,1,0,0,0,0,0,0,0,3,0,0,0,0
1143,1,5,2,0,90,0,0,0,1,0,0,0,0,0,0,0,0,0,0,0,0
1143,2,26,1,0,90,0,0,0,1,1,0,0,0,0,0,0,0,0,0,0,0
1144,2,26,9,0,86,0,0,1,0,0,0,0,0,0,0,0,0,0,0,0,1
1145,1,5,-1,0,1,0,0,0,1,0,0,1,0,0,0,0,0,0,0,0,0
1148,2,26,1,0,4,0,0,0,1,0,0,0,0,0,0,0,0,0,0,0,0
1149,1,5,9,0,90,1,0,0,1,0,0,0,0,0,0,0,1,2,1,0,1
1149,2,26,7,0,89,0,1,1,0,0,0,0,0,0,0,0,0,1,0,0,1
1151,1,5,3,0,65,0,0,1,0,0,0,0,0,0,0,0,0,0,2,0,0
1151,2,26,3,0,71,0,0,1,0,0,0,0,0,0,0,0,1,0,2,0,0
1153,1,5,3,0,90,0,0,0,1,0,0,0,0,0,0,3,0,0,0,0,0
1153,2,26,2,0,90,0,0,0,1,0,0,0,0,0,0,2,0,0,0,0,0
1156,2,26,3,0,19,0,0,0,1,0,0,0,1,0,0,0,0,0,0,0,0
1157,1,5,2,0,90,0,0,0,1,1,0,0,0,0,0,0,3,0,1,0,0
1158,1,5,3,0,79,0,0,1,0,0,0,0,0,0,0,0,1,0,1,0,0
1158,2,26,15,0,19,1,2,0,1,0,0,0,0,0,0,0,1,1,2,0,1
1160,1,12,2,0,72,0,0,0,3,0,0,0,0,0,0,0,2,0,0,0,0
1160,2,36,2,0,89,0,0,0,4,0,0,0,0,0,0,0,1,0,0,0,0
1161,1,12,1,0,83,0,0,0,3,1,0,0,0,0,0,0,0,0,0,0,0
1161,2,36,1,0,1,0,0,1,0,0,0,0,0,0,0,0,1,0,0,0,0
1162,1,12,1,0,18,0,0,0,2,0,0,0,0,0,0,0,2,0,0,0,0
1164,1,12,2,0,84,0,0,0,3,0,0,0,0,0,0,0,0,0,0,0,0
1164,2,36,2,0,90,0,0,0,4,0,0,0,0,0,0,0,2,0,0,0,0
1166,1,12,-2,0,90,0,0,0,5,0,0,0,0,0,0,0,2,0,0,0,0
1166,2,36,-1,0,89,0,0,0,4,0,0,0,0,0,0,0,4,0,0,0,0
1167,1,12,7,0,90,1,0,0,5,0,0,0,0,0,0,0,2,0,1,0,1
1167,2,36,-1,0,90,0,0,0,4,0,0,0,0,0,0,0,2,0,0,0,0
1170,1,12,-2,0,90,0,0,0,5,0,0,0,0,0,0,0,5,0,0,0,0
1170,2,36,0,0,45,0,0,0,2,0,0,0,0,0,0,0,3,0,0,0,0
1174,1,12,1,0,7,0,0,0,2,0,0,0,0,0,0,0,0,0,0,0,0
1174,2,36,1,0,45,0,0,0,2,0,0,0,0,0,0,0,0,0,0,0,0
1175,1,12,2,0,72,0,0,0,3,0,0,0,0,0,0,0,1,0,0,0,0
1175,2,36,1,0,45,0,0,0,2,0,0,0,0,0,0,0,0,0,0,0,0
1176,1,12,1,0,6,0,0,0,2,0,0,0,0,0,0,0,0,0,0,0,0
1176,2,36,1,0,26,0,0,0,2,0,0,0,0,0,0,0,0,0,0,0,0
1177,1,12,1,0,18,0,0,0,2,0,0,0,0,0,0,0,0,0,0,0,0
1177,2,36,2,0,64,0,0,0,2,0,0,0,0,0,0,0,0,0,0,0,0
1184,1,12,-2,0,90,0,0,0,5,0,0,0,0,0,0,1,0,0,0,0,0
1185,2,36,-1,0,90,0,0,0,4,0,0,0,0,0,0,1,0,0,0,0,0
1188,1,8,3,0,81,0,0,0,2,0,0,0,0,0,0,0,3,0,0,0,0
1188,2,32,3,0,60,0,0,0,1,0,0,0,0,0,0,0,4,0,0,0,0
1189,1,8,1,0,9,0,0,1,0,0,0,0,0,0,0,0,0,0,0,0,0
1192,1,8,2,0,62,0,0,0,1,0,0,0,0,0,0,0,1,0,0,0,0
1192,2,32,1,0,4,0,0,1,0,0,0,0,0,0,0,0,0,0,0,0,0
1194,1,8,1,0,81,0,0,0,2,0,0,0,0,0,0,0,1,0,1,0,0
1195,1,8,1,0,90,0,0,0,2,0,0,0,0,0,0,0,0,0,0,0,0
1195,2,32,2,0,70,0,0,0,1,0,0,0,0,0,0,0,2,1,0,0,0
1197,1,8,1,0,9,0,0,1,0,0,0,0,0,0,0,0,0,0,0,0,0
1197,2,32,2,0,90,0,0,0,1,0,0,0,0,0,0,0,3,0,0,0,0
1199,2,32,0,0,20,0,0,1,0,1,0,0,0,0,0,0,0,0,0,0,0
1200,1,8,1,0,90,0,0,0,2,0,0,0,0,0,0,0,2,0,1,0,0
1200,2,32,2,0,86,0,0,0,1,0,0,0,0,0,0,0,2,0,0,0,0
1201,1,8,1,0,90,0,0,0,2,0,0,0,0,0,0,0,1,1,0,0,0
1201,2,32,2,0,90,0,0,0,1,0,0,0,0,0,0,0,0,0,2,0,0
1204,1,8,1,0,45,0,0,0,1,0,0,0,0,0,0,0,1,0,0,0,0
1204,2,32,2,0,90,0,0,0,1,0,0,0,0,0,0,0,1,1,1,0,0
1205,1,8,2,0,85,0,0,0,2,0,0,0,0,0,0,0,1,0,1,0,0
1205,2,32,1,0,45,0,0,0,1,0,0,0,0,0,0,0,0,0,0,0,0
1206,1,8,1,0,45,0,0,0,1,0,0,0,0,0,0,0,1,0,0,0,0
1206,2,32,1,0,45,0,0,1,0,0,0,0,0,0,0,0,0,0,0,0,0
1209,1,8,0,0,28,0,0,0,1,1,0,0,0,0,0,0,0,0,0,0,0
1209,2,32,2,0,60,0,0,0,1,0,0,0,0,0,0,0,0,0,0,0,0
1210,1,8,1,0,5,0,0,1,0,0,0,0,0,0,0,0,0,0,0,0,0
1210,2,32,1,0,30,0,0,1,0,0,0,0,0,0,0,0,0,0,1,0,0
1211,1,8,1,0,90,0,0,0,2,0,0,0,0,0,0,2,0,0,0,0,0
1211,2,32,2,0,90,0,0,0,1,0,0,0,0,0,0,1,0,0,0,0,0
1215,1,8,2,0,90,0,0,0,2,0,0,0,0,0,0,0,1,0,3,0,0
1215,2,32,2,0,90,0,0,0,1,0,0,0,0,0,0,0,1,0,0,0,0
1216,1,8,2,0,90,0,0,0,2,0,0,0,0,0,0,0,0,1,2,0,0
1216,2,32,3,0,90,0,0,0,1,0,0,0,0,0,0,0,4,0,0,0,0
1218,1,15,1,0,45,0,0,1,0,0,0,0,0,0,0,0,0,0,0,0,0
1218,2,39,2,0,90,0,0,0,2,0,0,0,0,0,0,0,0,0,0,0,0
1223,1,15,10,0,81,1,0,0,1,0,0,0,0,0,0,0,0,0,2,0,1
1223,2,39,13,0,81,1,1,0,2,0,0,0,0,0,0,0,1,1,1,0,1
1224,1,15,2,0,72,0,0,0,1,0,0,0,0,0,0,0,0,0,1,0,0
1224,2,39,2,0,70,0,0,0,2,0,0,0,0,0,0,0,0,0,0,0,0
1225,1,15,1,0,18,0,0,1,0,0,0,0,0,0,0,0,0,0,1,0,0
1225,2,39,1,0,20,0,0,1,0,0,0,0,0,0,0,0,1,0,0,0,0
1228,1,15,1,0,45,0,0,0,1,0,0,0,0,0,0,0,0,0,0,0,0
1229,1,15,2,0,90,0,0,0,1,0,0,0,0,0,0,0,1,1,0,0,0
1229,2,39,0,0,90,0,0,0,2,1,0,0,0,0,0,0,1,0,0,0,0
1230,1,15,2,0,90,0,0,0,1,0,0,0,0,0,0,0,0,0,0,0,0
1230,2,39,1,0,90,0,0,0,2,0,0,0,0,0,0,0,2,0,0,0,0
1231,1,15,2,0,90,0,0,0,1,0,0,0,0,0,0,0,0,0,0,0,0
1231,2,39,1,0,90,0,0,0,2,0,0,0,0,0,0,0,1,0,0,0,0
1236,1,15,1,0,45,0,0,0,1,0,0,0,0,0,0,0,1,0,0,0,0
1236,2,39,1,0,20,0,0,1,0,0,0,0,0,0,0,0,1,0,0,0,0
1237,1,15,8,0,89,0,1,0,1,0,0,0,0,0,0,0,0,0,3,0,1
1237,2,39,2,0,70,0,0,0,2,0,0,0,0,0,0,0,0,0,0,0,0
1238,1,15,1,0,9,0,0,1,0,0,0,0,0,0,0,0,0,0,1,0,0
1238,2,39,1,0,9,0,0,1,0,0,0,0,0,0,0,0,0,0,0,0,0
1239,1,15,1,0,1,0,0,1,0,0,0,0,0,0,0,0,0,0,0,0,0
1241,1,15,1,0,45,0,0,1,0,0,0,0,0,0,0,0,0,0,0,0,0
1241,2,39,9,0,90,1,0,0,2,0,0,0,0,0,0,0,6,0,1,0,1
1245,1,15,2,0,90,0,0,0,1,0,0,0,0,0,0,2,0,0,0,0,0
1245,2,39,1,0,90,0,0,0,2,0,0,0,0,0,0,2,0,0,0,0,0
1248,1,15,2,0,90,0,0,0,1,0,0,0,0,0,0,0,0,0,2,0,0
1248,2,39,5,0,90,0,1,0,2,0,0,0,0,0,0,0,1,0,0,0,0
1250,1,4,1,0,45,0,0,0,1,0,0,0,0,0,0,0,0,0,0,0,0
1250,2,29,1,0,16,0,0,1,0,0,0,0,0,0,0,0,0,0,0,0,0
1254,1,4,7,0,82,0,1,0,1,0,0,0,0,0,0,0,0,1,2,0,1
1254,2,29,4,0,90,0,0,1,0,0,0,0,0,0,0,0,3,0,0,0,0
1255,1,4,7,0,90,0,1,0,1,0,0,0,0,0,0,0,0,0,0,0,1
1255,2,29,4,0,89,0,0,1,0,0,0,0,0,0,0,0,3,0,0,0,0
1256,1,4,9,0,8,1,0,1,0,0,0,0,0,0,0,0,0,0,1,0,1
1256,2,29,1,0,1,0,0,1,0,0,0,0,0,0,0,0,0,0,0,0,0
1258,1,4,2,0,90,0,0,0,1,0,0,0,0,0,0,0,0,0,0,0,0
1258,2,29,8,0,80,0,0,1,0,1,0,0,0,0,0,0,3,0,0,0,1
1259,1,4,2,0,90,0,0,0,1,0,0,0,0,0,0,0,1,0,0,0,0
1259,2,29,8,0,90,0,0,1,0,1,0,0,0,0,0,0,3,0,0,0,1
1260,2,29,1,0,10,0,0,1,0,0,0,0,0,0,0,0,0,0,0,0,0
1261,1,4,2,0,90,0,0,0,1,0,0,0,0,0,0,0,1,0,0,0,0
1261,2,29,9,0,90,0,0,1,0,0,0,0,0,0,0,0,0,0,0,0,1
1263,2,29,1,0,10,0,0,1,0,0,0,0,0,0,0,0,0,0,0,0,0
1264,1,4,7,0,90,0,1,0,1,0,0,0,0,0,0,0,1,0,0,0,1
1264,2,29,16,0,90,1,0,1,0,0,0,0,0,0,0,0,4,0,1,0,1
1265,1,4,1,0,18,0,0,0,1,0,0,0,0,0,0,0,0,0,0,0,0
1266,1,4,1,0,18,0,0,0,1,0,0,0,0,0,0,0,1,0,0,0,0
1266,2,29,2,0,74,0,0,1,0,0,0,0,0,0,0,0,0,0,0,0,0
1267,1,4,15,0,72,2,0,1,0,0,0,0,0,0,0,0,0,0,3,0,1
1267,2,29,4,0,89,0,1,1,0,1,0,0,0,0,0,0,0,0,0,0,0
1271,1,4,2,0,90,0,0,0,1,0,0,0,0,0,0,0,0,0,0,0,0
1271,2,29,9,0,90,0,0,1,0,0,0,0,0,0,0,2,0,0,0,0,1
1274,1,4,5,0,45,0,1,1,0,0,0,0,0,0,0,0,1,2,0,0,0
1275,1,24,2,0,90,0,0,0,3,0,0,0,0,0,0,0,2,0,0,0,0
1282,1,24,2,0,90,0,0,0,3,0,0,0,0,0,0,0,0,0,0,0,0
1284,1,24,2,0,90,0,0,0,3,0,0,0,0,0,0,0,1,0,0,0,0
1286,1,24,1,0,45,0,0,0,2,0,0,0,0,0,0,0,2,0,0,0,0
1289,1,24,1,0,45,0,0,0,1,0,0,0,0,0,0,0,0,0,0,0,0
1292,1,24,10,0,77,1,0,0,2,0,0,0,0,0,0,0,1,0,1,0,1
1293,1,24,-1,0,90,0,0,0,3,1,0,0,0,0,0,0,2,0,0,0,0
1294,1,24,1,0,77,0,0,0,2,0,0,0,0,0,0,0,0,0,0,0,0
1295,1,24,1,0,45,0,0,0,1,0,0,0,0,0,0,0,0,0,0,0,0
1296,1,24,0,0,45,0,0,0,2,0,0,0,0,0,0,0,0,0,0,0,0
1303,1,24,0,0,90,0,0,0,3,0,0,0,0,0,0,0,2,0,0,0,0
1305,1,24,1,0,13,0,0,0,1,0,0,0,0,0,0,0,0,0,0,0,0
1306,1,24,7,0,89,0,1,0,2,0,0,0,0,0,0,0,0,0,1,0,1
1307,1,24,1,0,1,0,0,0,1,0,0,0,0,0,0,0,0,0,0,0,0
1310,1,24,1,0,13,0,0,0,1,0,0,0,0,0,0,0,0,0,0,0,0
1312,1,24,0,0,90,0,0,0,3,0,0,0,0,0,0,1,0,0,0,0,0
1318,1,19,9,0,90,0,0,1,0,0,0,0,0,0,0,0,2,0,0,0,1
1320,1,19,9,0,90,0,0,1,0,0,0,0,0,0,0,0,2,0,0,0,1
1323,1,19,1,0,45,0,0,1,0,0,0,0,0,0,0,0,2,0,0,0,0
1338,1,19,1,0,55,0,0,1,0,0,0,0,0,0,0,0,1,0,1,0,0
1342,2,26,9,0,1,1,0,0,1,0,0,0,0,0,0,0,0,0,1,0,1
1361,1,6,8,0,80,0,1,0,1,0,0,0,0,0,0,0,3,0,0,0,1
1361,2,31,4,0,81,0,0,1,0,0,0,0,0,0,0,0,5,0,0,0,0
1366,1,6,2,0,90,0,0,0,1,0,0,0,0,0,0,0,0,0,1,0,0
1366,2,31,1,0,40,0,0,1,0,0,0,0,0,0,0,0,0,0,1,0,0
1396,1,24,4,0,10,0,1,1,0,0,0,0,0,0,0,0,0,1,0,0,0
1405,2,25,1,0,12,0,0,0,1,0,0,0,0,0,0,0,0,0,0,0,0
1411,1,2,2,0,84,0,0,0,2,0,0,0,0,0,0,0,1,0,0,0,0
1411,2,25,4,0,55,0,1,1,0,0,0,0,0,0,0,0,0,1,0,0,0
1427,1,2,1,0,26,0,0,0,2,0,0,0,0,0,0,0,0,0,1,0,0
1427,2,25,2,0,67,0,0,1,0,0,0,0,0,0,0,0,1,0,0,0,0
1429,1,17,2,0,90,0,0,0,1,0,0,0,0,0,0,0,0,0,0,0,0
1430,1,17,2,0,90,0,0,0,1,0,0,0,0,0,0,0,4,1,0,0,0
1431,1,17,9,0,10,1,0,0,1,0,0,0,0,0,0,0,0,0,1,0,1
1454,2,36,12,0,90,0,1,1,0,0,0,0,0,0,0,0,1,0,0,0,1
1455,1,10,1,0,15,0,0,1,0,0,0,0,0,0,0,0,1,0,0,0,0
1455,2,36,9,0,79,0,0,1,0,0,0,0,0,0,0,0,1,0,0,0,1
1458,1,10,7,0,75,0,1,0,2,0,0,0,0,0,0,0,0,0,0,0,1
1473,2,28,1,0,6,0,0,1,0,0,0,0,0,0,0,0,0,0,0,0,0
1474,1,1,1,0,14,0,0,1,0,0,0,0,0,0,0,0,1,0,0,0,0
1474,2,28,3,0,90,0,0,1,0,0,0,0,0,0,0,0,2,0,0,0,0
1476,1,1,1,0,24,0,0,1,0,0,0,0,0,0,0,0,0,0,0,0,0
1477,1,1,1,0,24,0,0,1,0,0,0,0,0,0,0,0,2,0,0,0,0
1478,2,28,12,0,71,1,0,1,0,0,0,0,0,0,0,0,4,0,1,0,1
1485,2,28,1,0,10,0,0,1,0,0,0,0,0,0,0,0,0,0,0,0,0
1488,1,16,1,0,90,0,0,0,2,0,0,0,0,0,0,0,0,0,0,0,0
1488,2,40,0,0,90,0,0,0,3,0,0,0,0,0,0,0,1,0,0,0,0
1489,1,16,1,0,68,0,0,0,2,0,0,0,0,0,0,0,2,0,1,0,0
1489,2,40,1,0,75,0,0,0,2,0,0,0,0,0,0,0,1,0,0,0,0
1493,1,16,11,0,90,0,2,0,2,0,0,0,0,0,0,0,0,2,2,0,1
1493,2,40,2,0,90,0,0,0,3,0,0,0,0,0,0,0,0,0,0,0,0
1494,1,16,2,0,89,0,0,0,2,0,0,0,0,0,0,0,1,0,2,0,0
1494,2,40,1,0,75,0,0,0,2,1,0,0,0,0,0,0,0,0,0,0,0
1506,1,5,7,0,90,0,1,0,1,0,0,0,0,0,0,0,1,0,0,0,1
1506,2,27,-6,0,33,0,0,0,6,0,1,0,0,0,0,0,0,0,0,0,0
1507,2,27,-2,0,50,0,0,0,4,0,0,0,0,0,0,0,1,0,0,0,0
1509,1,5,1,0,60,0,0,0,1,1,0,0,0,0,0,0,1,0,0,0,0
1509,2,27,1,0,45,0,0,0,3,0,0,0,0,0,0,0,2,0,0,0,0
1510,1,5,1,0,30,0,0,1,0,0,0,0,0,0,0,0,1,0,1,0,0
1518,1,12,2,0,90,0,0,0,1,0,0,0,0,0,0,0,1,0,0,0,0
1518,2,33,-2,0,90,0,0,0,5,0,0,0,0,0,0,0,2,0,0,0,0
1520,1,12,16,0,89,1,2,0,1,0,0,0,0,0,0,0,1,2,2,0,1
1520,2,33,7,0,90,0,1,0,5,0,0,0,0,0,0,0,0,1,1,0,1
1521,1,12,2,0,89,0,0,0,1,0,0,0,0,0,0,0,3,0,0,0,0
1521,2,33,1,0,55,0,0,0,4,0,0,0,0,0,0,0,1,0,0,0,0
1522,1,14,2,0,90,0,0,0,1,0,0,0,0,0,0,2,0,0,0,0,0
1522,2,38,8,0,90,0,0,1,0,0,0,0,0,0,0,3,0,0,0,0,0
1524,1,14,1,0,4,0,0,1,0,0,0,0,0,0,0,0,0,0,0,0,0
1524,2,38,1,0,32,0,0,1,0,0,0,0,0,0,0,0,0,0,0,0,0
1525,1,14,1,0,4,0,0,1,0,0,0,0,0,0,0,0,0,0,0,0,0
1525,2,38,1,0,3,0,0,1,0,0,0,0,0,0,0,0,0,0,0,0,0
1526,1,14,2,0,90,0,0,0,1,0,0,0,0,0,0,0,2,0,0,0,0
1526,2,38,3,0,90,0,0,1,0,0,0,0,0,0,0,0,2,0,0,0,0
1530,1,13,4,0,79,0,0,1,0,0,0,0,0,0,0,0,3,0,0,0,0
1530,2,39,2,0,80,0,0,0,2,0,0,0,0,0,0,0,0,0,0,0,0
1531,2,39,9,0,32,1,0,1,0,0,0,0,0,0,0,0,0,0,1,0,1
1532,2,39,1,0,58,0,0,0,2,0,0,0,0,0,0,0,0,0,0,0,0
1534,1,11,1,0,34,0,0,1,0,0,0,0,0,0,0,0,0,0,0,0,0
1534,2,34,2,0,75,0,0,0,1,0,0,0,0,0,0,0,1,0,1,0,0
1536,1,22,-1,0,90,0,0,0,4,0,0,0,0,0,0,0,1,0,0,0,0
1537,1,22,1,0,32,0,0,0,1,0,0,0,0,0,0,0,1,0,1,0,0
1539,2,31,1,0,45,0,0,1,0,0,0,0,0,0,0,0,2,0,1,0,0
1540,1,7,1,0,14,0,0,1,0,0,0,0,0,0,0,0,0,0,0,0,0
1540,2,31,1,0,19,0,0,1,0,0,0,0,0,0,0,0,0,0,0,0,0
1543,1,20,1,0,81,0,0,0,2,0,0,0,0,0,0,0,0,0,0,0,0
1544,1,20,1,0,9,0,0,0,1,0,0,0,0,0,0,0,0,0,0,0,0
1547,1,20,10,0,90,1,0,0,3,0,0,0,0,0,0,0,0,0,2,0,1
1548,1,2,1,0,90,0,0,0,1,1,0,0,0,0,0,0,0,0,0,0,0
1548,2,28,2,0,90,0,0,0,1,0,0,0,0,0,0,0,2,0,0,0,0
1549,1,2,13,0,84,1,1,0,1,0,0,0,0,0,0,0,0,1,2,0,1
1549,2,28,2,0,90,0,0,0,1,0,0,0,0,0,0,0,1,0,0,0,0
1551,1,12,-2,0,90,0,0,0,5,0,0,0,0,0,0,0,1,0,0,0,0
1551,2,36,-1,0,90,0,0,0,4,0,0,0,0,0,0,0,1,0,0,0,0
1552,2,36,0,0,45,0,0,0,2,0,0,0,0,0,0,0,0,0,0,0,0
1553,1,12,0,0,72,0,0,0,3,0,0,0,0,0,0,0,0,0,0,0,0
1553,2,36,-1,0,90,0,0,0,4,0,0,0,0,0,0,0,2,0,0,0,0
1554,1,12,1,0,18,0,0,0,2,0,0,0,0,0,0,0,0,0,1,0,0
1554,2,36,1,0,1,0,0,1,0,0,0,0,0,0,0,0,1,0,0,0,0
1555,1,12,8,0,90,0,1,0,5,0,0,0,0,0,0,0,5,0,0,0,1
1555,2,36,2,0,90,0,0,0,4,0,0,0,0,0,0,0,1,0,0,0,0
1556,1,21,1,0,5,0,0,1,0,0,0,0,0,0,0,0,1,0,0,0,0
1558,1,9,-4,0,90,0,0,0,7,0,0,0,0,0,0,0,2,0,0,0,0
1558,2,35,9,0,90,0,0,1,0,0,0,0,0,0,0,0,1,0,0,0,1
1559,1,9,-4,0,90,0,0,0,7,0,0,0,0,0,0,0,1,0,0,0,0
1559,2,35,9,0,76,0,0,1,0,0,0,0,0,0,0,0,2,0,0,0,1
1560,1,9,2,0,65,0,0,0,4,0,0,0,0,0,0,0,0,0,0,0,0
1560,2,35,2,0,83,0,0,1,0,0,0,0,0,0,0,0,0,0,0,0,0
1563,1,18,-1,0,90,0,0,0,4,0,0,0,0,0,0,2,0,0,0,0,0
1564,1,18,0,0,17,0,0,0,2,0,0,0,0,0,0,0,2,0,0,0,0
1568,1,18,1,0,17,0,0,0,2,0,0,0,0,0,0,0,1,0,0,0,0
1569,1,21,2,0,90,0,0,0,1,0,0,0,0,0,0,1,0,0,0,0,0
1571,1,21,0,0,18,0,0,1,0,1,0,0,0,0,0,0,0,0,0,0,0
1572,1,21,0,0,45,0,0,0,1,1,0,0,0,0,0,0,1,0,0,0,0
1573,1,21,2,0,90,0,0,0,1,0,0,0,0,0,0,0,0,0,0,0,0
1574,1,21,1,0,19,0,0,1,0,0,0,0,0,0,0,0,0,0,0,0,0
1577,1,7,8,0,75,0,0,1,0,1,0,0,0,0,0,0,0,1,0,0,1
1578,1,7,3,0,75,0,0,1,0,0,0,0,0,0,0,0,1,0,0,0,0
1578,2,30,1,0,30,0,0,1,0,0,0,0,0,0,0,0,0,0,0,0,0
1579,2,30,1,0,1,0,0,1,0,0,0,0,0,0,0,0,0,0,0,0,0
1580,1,7,2,0,83,0,0,1,0,0,0,0,0,0,0,0,3,0,0,0,0
1582,1,5,1,0,11,0,0,0,1,0,0,0,0,0,0,0,1,0,0,0,0
1583,2,26,1,0,1,0,0,0,1,0,0,0,0,0,0,0,0,0,0,0,0
1589,2,32,1,0,30,0,0,1,0,0,0,0,0,0,0,0,0,0,1,0,0
1592,1,14,1,0,2,0,0,1,0,0,0,0,0,0,0,0,0,0,0,0,0
1594,1,14,2,0,76,0,0,0,1,0,0,0,0,0,0,0,0,0,1,0,0
1594,2,40,14,0,76,1,1,0,1,0,0,0,0,0,0,0,2,2,1,0,1
1596,1,14,1,0,14,0,0,1,0,0,0,0,0,0,0,0,0,0,0,0,0
1596,2,40,1,0,14,0,0,1,0,0,0,0,0,0,0,0,0,0,0,0,0
1597,1,14,7,0,76,0,1,0,1,0,0,0,0,0,0,0,1,0,1,0,1
1597,2,40,11,0,84,1,1,0,1,0,0,0,0,0,0,0,0,0,2,0,0
1598,1,9,2,0,90,0,0,0,1,0,0,0,0,0,0,1,0,0,0,0,0
1598,2,34,2,0,90,0,0,0,1,0,0,0,0,0,0,1,0,0,0,0,0
1599,2,34,4,0,30,0,1,1,0,0,0,0,0,0,0,0,0,1,1,0,0
1600,1,9,9,0,64,1,0,0,1,0,0,0,0,0,0,0,3,0,1,0,0
1600,2,34,2,0,60,0,0,0,1,0,0,0,0,0,0,0,2,0,0,0,0
1601,1,9,13,0,73,1,0,0,1,0,0,0,1,0,0,0,3,0,3,0,1
1601,2,34,10,0,90,0,1,0,1,0,0,0,0,0,0,0,8,2,0,0,1
1602,1,9,3,0,90,0,0,0,1,0,0,0,0,0,0,0,3,0,1,0,0
1602,2,34,2,0,60,0,0,0,1,0,0,0,0,0,0,0,0,0,0,0,0
1603,2,34,1,0,30,0,0,1,0,0,0,0,0,0,0,0,0,0,0,0,0
1616,1,4,3,0,90,0,0,0,4,0,0,0,0,0,0,0,5,0,0,0,0
1616,2,32,3,0,90,0,0,1,0,0,0,0,0,0,0,0,1,0,0,0,0
1674,1,6,3,0,90,0,0,0,1,0,0,0,0,0,0,0,4,0,0,0,0
1674,2,30,3,0,90,0,0,1,0,0,0,0,0,0,0,0,1,0,0,0,0
1676,1,6,1,0,10,0,0,1,0,0,0,0,0,0,0,0,1,0,1,0,0
1676,2,30,1,0,6,0,0,1,0,0,0,0,0,0,0,0,0,0,0,0,0
1683,1,18,2,0,73,0,0,0,1,0,0,0,0,0,0,0,2,0,0,0,0
1684,1,18,5,0,81,0,1,0,1,0,0,0,0,0,0,0,2,1,0,0,0
1688,2,32,1,0,45,0,0,1,0,0,0,0,0,0,0,0,0,0,0,0,0
1696,1,17,2,0,90,0,0,0,3,0,0,0,0,0,0,0,0,0,1,0,0
1704,2,25,1,0,6,0,0,1,0,0,0,0,0,0,0,0,0,0,0,0,0
1707,1,1,2,0,77,0,0,0,2,0,0,0,0,0,0,0,0,0,0,0,0
1707,2,25,2,0,66,0,0,0,1,0,0,0,0,0,0,0,0,0,0,0,0
1709,1,22,1,0,90,0,0,0,2,0,0,0,0,0,0,0,0,0,0,0,0
1947,1,11,1,0,34,0,0,0,1,0,0,0,0,0,0,0,1,0,0,0,0
1947,2,35,1,0,20,0,0,1,0,0,0,0,0,0,0,0,0,0,1,0,0
1951,1,15,2,0,90,0,0,0,1,0,0,0,0,0,0,0,0,0,0,0,0
1951,2,37,-3,0,90,0,0,0,4,0,0,1,0,0,0,0,2,0,0,0,0
1954,1,15,2,0,89,0,0,0,1,0,0,0,0,0,0,0,1,0,0,0,0
1954,2,37,-1,0,90,0,0,0,4,0,0,0,0,0,0,0,0,0,0,0,0
1955,1,15,2,0,90,0,0,0,1,0,0,0,0,0,0,0,1,0,0,0,0
1955,2,37,1,0,90,0,0,0,4,1,0,0,0,0,0,0,2,0,0,0,0
1956,1,15,1,0,1,0,0,1,0,0,0,0,0,0,0,0,0,0,0,0,0
1956,2,37,1,0,30,0,0,1,0,0,0,0,0,0,0,0,0,0,0,0,0
1957,1,15,1,0,27,0,0,0,1,0,0,0,0,0,0,0,1,0,0,0,0
1957,2,37,2,0,89,0,0,0,4,0,0,0,0,0,0,0,2,0,0,0,0
1958,1,15,2,0,81,0,0,0,1,0,0,0,0,0,0,0,0,0,0,0,0
1958,2,37,2,0,30,0,0,1,0,0,0,0,0,0,0,0,3,0,0,0,0
1963,1,3,1,0,90,0,0,0,1,1,0,0,0,0,0,0,1,0,0,0,0
1963,2,27,9,0,90,0,0,1,0,0,0,0,0,0,0,0,0,2,1,0,1
1964,2,27,1,0,45,0,0,1,0,0,0,0,0,0,0,0,0,0,0,0,0
1967,1,3,2,0,89,0,0,0,1,0,0,0,0,0,0,0,1,1,0,0,0
1967,2,27,4,0,90,0,0,1,0,0,0,0,0,0,0,0,3,0,0,0,0
1968,1,3,1,0,29,0,0,1,0,0,0,0,0,0,0,0,1,0,0,0,0
1968,2,27,4,0,19,0,1,1,0,0,0,0,0,0,0,0,0,0,0,0,0
1970,1,3,4,0,29,0,1,1,0,0,0,0,0,0,0,0,1,0,0,0,0
1971,1,23,1,0,45,0,0,1,0,0,0,0,0,0,0,1,0,0,0,0,0
1976,1,23,9,0,90,0,0,1,0,0,0,0,0,0,0,0,3,0,1,0,1
1979,1,23,9,0,90,0,0,1,0,0,0,0,0,0,0,0,5,0,0,0,1
1980,1,23,9,0,90,0,0,1,0,0,0,0,0,0,0,0,1,0,0,0,1
1981,1,23,9,0,90,0,0,1,0,0,0,0,0,0,0,0,0,0,0,0,1
1982,1,23,10,0,90,1,0,1,0,1,0,0,0,0,0,0,1,0,1,0,1
1984,1,23,4,0,78,0,0,1,0,0,0,0,0,0,0,0,3,0,0,0,0
1985,1,23,1,0,12,0,0,1,0,0,0,0,0,0,0,0,0,0,0,0,0
1986,1,23,2,0,87,0,0,1,0,0,0,0,0,0,0,0,0,0,0,0,0
1988,1,23,1,0,58,0,0,1,0,0,0,0,0,0,0,0,0,0,0,0,0
1989,1,23,1,0,3,0,0,1,0,0,0,0,0,0,0,0,0,0,0,0,0
1990,1,23,1,0,32,0,0,1,0,0,0,0,0,0,0,0,0,0,0,0,0
1992,1,23,2,0,90,0,0,1,0,0,0,0,0,0,0,0,1,0,0,0,0
1993,1,23,4,0,32,0,1,1,0,0,0,0,0,0,0,0,0,0,0,0,0
1994,1,23,1,0,58,0,0,1,0,0,0,0,0,0,0,0,2,0,0,0,0
1997,1,13,1,0,19,0,0,1,0,0,0,0,0,0,0,0,1,0,1,0,0
1997,2,37,1,0,29,0,0,1,0,0,0,0,0,0,0,0,0,1,0,0,0
1998,1,13,3,0,71,0,0,1,0,0,0,0,0,0,0,0,1,0,1,0,0
1998,2,37,1,0,20,0,0,1,0,0,0,0,0,0,0,0,0,0,0,0,0
1999,1,13,4,0,71,0,0,1,0,0,0,0,0,0,0,0,3,0,0,0,0
2000,1,13,1,0,3,0,0,1,0,0,0,0,0,0,0,0,0,0,0,0,0
2000,2,37,1,0,29,0,0,1,0,0,0,0,0,0,0,0,0,0,0,0,0
2002,1,8,9,0,90,0,0,1,0,0,0,0,0,0,0,0,2,0,1,0,1
2002,2,29,0,0,90,0,0,0,2,1,0,0,0,0,0,0,0,0,0,0,0
2004,1,8,1,0,6,0,0,1,0,0,0,0,0,0,0,0,0,0,0,0,0
2004,2,29,1,0,12,0,0,1,0,0,0,0,0,0,0,0,0,0,0,0,0
2005,2,29,2,0,61,0,0,0,2,0,0,0,0,0,0,0,0,0,0,0,0
2006,1,8,2,0,74,0,0,1,0,0,0,0,0,0,0,0,0,0,0,0,0
2006,2,29,1,0,45,0,0,0,2,0,0,0,0,0,0,0,1,0,1,0,0
2007,1,8,1,0,16,0,0,1,0,0,0,0,0,0,0,0,3,0,0,0,0
2010,1,6,3,0,90,0,0,0,1,0,0,0,0,0,0,4,0,0,0,0,0
2010,2,30,9,0,90,0,0,1,0,0,0,0,0,0,0,0,0,0,0,0,1
2012,1,6,2,0,90,0,0,0,1,0,0,0,0,0,0,0,5,0,0,0,0
2012,2,30,7,0,90,0,0,1,0,0,0,0,0,0,0,0,0,0,0,0,0
2013,1,6,2,0,90,0,0,0,1,0,0,0,0,0,0,0,0,0,0,0,0
2013,2,30,9,0,90,0,0,1,0,0,0,0,0,0,0,0,0,0,0,0,1
2014,1,6,2,0,80,0,0,0,1,0,0,0,0,0,0,0,4,0,0,0,0
2014,2,30,9,0,90,0,0,1,0,0,0,0,0,0,0,0,0,0,0,0,1
2016,1,6,2,0,90,0,0,0,1,0,0,0,0,0,0,0,0,0,0,0,0
2016,2,30,8,0,90,0,0,1,0,1,0,0,0,0,0,0,0,0,0,0,1
2019,1,6,3,0,90,0,0,0,1,0,0,0,0,0,0,0,4,0,0,0,0
2019,2,30,4,0,90,0,0,1,0,0,0,0,0,0,0,0,5,0,0,0,0
2020,1,6,7,0,65,0,1,0,1,0,0,0,0,0,0,0,0,1,1,0,1
2020,2,30,8,0,84,0,1,1,0,0,0,0,0,0,0,0,0,1,0,0,1
2021,1,6,2,0,65,0,0,0,1,0,0,0,0,0,0,0,0,0,0,0,0
2021,2,30,3,0,89,0,0,1,0,0,0,0,0,0,0,0,1,1,0,0,0
2022,1,6,3,0,80,0,0,0,1,0,0,0,0,0,0,0,4,0,0,0,0
2022,2,30,3,0,84,0,0,1,0,0,0,0,0,0,0,0,1,0,1,0,0
2023,1,6,1,0,1,0,0,1,0,0,0,0,0,0,0,0,1,0,0,0,0
2023,2,30,1,0,6,0,0,1,0,0,0,0,0,0,0,0,0,0,0,0,0
2025,1,6,1,0,25,0,0,1,0,0,0,0,0,0,0,0,0,0,0,0,0
2025,2,30,1,0,6,0,0,1,0,0,0,0,0,0,0,0,0,0,0,0,0
2029,1,23,1,0,27,0,0,0,1,0,0,0,0,0,0,0,0,0,0,0,0
2031,1,4,9,0,72,0,0,1,0,0,0,0,0,0,0,0,0,0,0,0,1
2031,2,29,12,0,80,0,1,1,0,0,0,0,0,0,0,0,0,0,1,0,1
2033,1,4,1,0,90,0,0,0,1,1,0,0,0,0,0,0,2,0,0,0,0
2033,2,29,4,0,90,0,0,1,0,0,0,0,0,0,0,0,4,0,0,0,0
2034,2,29,1,0,1,0,0,1,0,0,0,0,0,0,0,0,0,0,0,0,0
2038,2,33,1,0,31,0,0,1,0,0,0,0,0,0,0,0,0,0,0,0,0
2040,1,10,3,0,90,0,0,0,2,0,0,0,0,0,0,0,3,0,0,0,0
2040,2,33,2,0,59,0,0,0,1,0,0,0,0,0,0,0,3,0,0,0,0
2043,1,10,0,0,20,0,0,0,1,1,0,0,0,0,0,0,0,0,0,0,0
2043,2,33,4,0,18,0,1,1,0,0,0,0,0,0,0,0,0,0,0,0,0
2044,1,10,9,0,70,1,0,0,1,1,0,0,0,0,0,0,0,0,1,0,1
2044,2,33,12,0,45,1,1,0,1,0,0,0,0,0,0,0,1,0,1,0,1
2049,1,19,2,0,81,0,0,0,3,0,0,0,0,0,0,0,2,0,0,0,0
2050,2,29,1,0,29,0,0,1,0,0,0,0,0,0,0,0,0,0,0,0,0
2052,1,11,2,0,90,0,0,0,1,0,0,0,0,0,0,0,5,0,0,0,0
2052,2,35,9,0,90,0,0,1,0,0,0,0,0,0,0,0,3,0,0,0,1
2053,1,11,2,0,90,0,0,0,1,0,0,0,0,0,0,0,1,0,0,0,0
2053,2,35,9,0,90,0,0,1,0,0,0,0,0,0,0,0,2,0,1,0,1
2064,1,15,2,0,90,0,0,0,1,0,0,0,0,0,0,0,1,0,0,0,0
2064,2,39,1,0,90,0,0,0,2,1,0,0,0,0,0,0,2,0,0,0,0
2069,1,16,4,0,53,0,1,0,1,0,0,0,0,0,0,0,2,0,0,0,0
2069,2,38,1,0,11,0,0,1,0,0,0,0,0,0,0,0,1,0,0,0,0
2073,2,31,1,0,9,0,0,1,0,0,0,0,0,0,0,0,0,0,0,0,0
