fifa_player_id,fotmob_player_id,season_name,fotmob_tournament_id,appearances,goals,assists,fotmob_rating,minutes_played,chances_created,big_chances_created,dribbles,successful_dribbles_pct,duels_won,duels_won_pct,touches,touches_opp_box,defensive_contributions,tackles,fouls_committed,xg_against_on_pitch,yellow_cards,red_cards
485070,1227878,2026,24254,2.0,0.0,0.0,7.92,180.0,0.0,0.0,0.0,,1.0,100.0,74.0,0.0,1.0,0.0,0.0,0.89,0,0
403596,727586,2026,24254,1.0,0.0,0.0,6.81,90.0,0.0,0.0,1.0,100.0,1.0,20.0,36.0,0.0,1.0,0.0,1.0,0.91,0,0
395516,664644,2026,24254,1.0,0.0,0.0,6.05,90.0,0.0,0.0,0.0,,3.0,50.0,73.0,2.0,4.0,0.0,2.0,0.07,0,1
400634,783505,2026,24254,2.0,0.0,0.0,7.22,104.0,0.0,0.0,1.0,100.0,7.0,87.5,107.0,0.0,11.0,3.0,0.0,0.91,0,0
425701,914103,2026,24254,2.0,0.0,0.0,7.02,180.0,0.0,0.0,0.0,,5.0,62.5,150.0,0.0,10.0,1.0,0.0,0.98,0,0
419518,971628,2026,24254,2.0,0.0,1.0,7.3,166.0,1.0,1.0,1.0,100.0,8.0,53.3,109.0,0.0,7.0,4.0,2.0,,0,0
430763,921174,2026,24254,1.0,1.0,0.0,7.98,71.0,1.0,0.0,2.0,0.0,7.0,63.6,54.0,1.0,5.0,4.0,0.0,0.15,0,0
416576,895954,2026,24254,1.0,0.0,0.0,7.24,66.0,1.0,0.0,1.0,100.0,3.0,100.0,38.0,2.0,0.0,0.0,0.0,0.07,0,0
356731,292313,2026,24254,2.0,1.0,0.0,7.1,156.0,2.0,0.0,2.0,0.0,9.0,47.4,64.0,7.0,2.0,1.0,3.0,0.24,0,0
430766,728365,2026,24254,1.0,0.0,0.0,5.99,11.0,0.0,0.0,0.0,,0.0,0.0,14.0,0.0,0.0,0.0,0.0,,0,0
430759,954092,2026,24254,1.0,0.0,0.0,5.67,10.0,0.0,0.0,0.0,,0.0,0.0,8.0,0.0,0.0,0.0,0.0,,0,0
514336,1456983,2026,24254,1.0,0.0,0.0,5.94,14.0,0.0,0.0,0.0,,0.0,0.0,4.0,1.0,0.0,0.0,1.0,,0,0
441261,1074586,2026,24254,2.0,0.0,0.0,6.76,100.0,2.0,0.0,0.0,,2.0,66.7,63.0,1.0,6.0,1.0,1.0,,0,0
429157,720560,2026,24254,2.0,1.0,0.0,7.74,163.0,4.0,1.0,7.0,71.4,12.0,54.5,94.0,3.0,1.0,0.0,2.0,0.24,0,0
372090,559986,2026,24254,1.0,0.0,0.0,5.96,19.0,1.0,0.0,0.0,,1.0,16.7,8.0,0.0,1.0,0.0,0.0,,0,0
461177,1254394,2026,24254,1.0,0.0,0.0,6.47,19.0,0.0,0.0,1.0,0.0,1.0,33.3,15.0,0.0,1.0,1.0,0.0,,0,0
500037,1670377,2026,24254,1.0,0.0,0.0,6.25,24.0,0.0,0.0,2.0,50.0,1.0,20.0,21.0,1.0,1.0,0.0,1.0,,0,0
406135,977404,2026,24254,1.0,0.0,0.0,,6.0,0.0,0.0,1.0,100.0,1.0,50.0,6.0,0.0,0.0,0.0,0.0,,0,0
402772,597976,2026,24254,2.0,0.0,0.0,7.28,180.0,0.0,0.0,1.0,100.0,10.0,66.7,140.0,3.0,13.0,2.0,2.0,,0,0
448051,527616,2026,24254,1.0,0.0,0.0,6.53,24.0,0.0,0.0,0.0,,2.0,50.0,35.0,0.0,3.0,2.0,1.0,,0,0
403585,720737,2026,24254,2.0,0.0,1.0,7.6,170.0,3.0,1.0,3.0,100.0,11.0,61.1,91.0,1.0,9.0,6.0,2.0,0.24,0,0
464533,1170238,2026,24254,2.0,0.0,0.0,6.85,137.0,4.0,0.0,2.0,0.0,4.0,40.0,60.0,4.0,2.0,1.0,3.0,0.22,1,0
274281,167247,2026,24254,2.0,0.0,0.0,6.74,180.0,0.0,0.0,0.0,,0.0,,86.0,0.0,0.0,0.0,0.0,2.97,0,0
423874,1232253,2026,24254,2.0,0.0,0.0,6.84,180.0,0.0,0.0,0.0,,14.0,58.3,161.0,3.0,12.0,3.0,6.0,1.35,0,0
492315,1232264,2026,24254,2.0,0.0,0.0,7.06,180.0,0.0,0.0,0.0,,9.0,52.9,176.0,0.0,18.0,2.0,1.0,,1,0
395088,828159,2026,24254,2.0,0.0,0.0,7.16,180.0,2.0,0.0,0.0,,9.0,69.2,166.0,0.0,10.0,3.0,2.0,1.35,0,0
395084,623698,2026,24254,2.0,1.0,1.0,7.46,174.0,1.0,1.0,2.0,100.0,5.0,45.5,164.0,5.0,5.0,1.0,1.0,1.16,0,0
307849,212867,2026,24254,2.0,0.0,0.0,6.84,126.0,2.0,0.0,4.0,75.0,7.0,70.0,56.0,6.0,1.0,1.0,0.0,,0,0
402817,848102,2026,24254,2.0,0.0,0.0,6.78,161.0,0.0,0.0,3.0,0.0,6.0,54.5,133.0,1.0,7.0,1.0,1.0,1.14,1,0
430387,1026781,2026,24254,1.0,0.0,0.0,5.92,13.0,0.0,0.0,1.0,0.0,0.0,0.0,5.0,3.0,0.0,0.0,0.0,,0,0
390525,523749,2026,24254,2.0,0.0,0.0,6.88,119.0,3.0,1.0,2.0,0.0,10.0,52.6,88.0,5.0,7.0,4.0,1.0,0.78,0,0
395083,620026,2026,24254,2.0,0.0,0.0,6.34,61.0,1.0,0.0,3.0,66.7,4.0,50.0,40.0,3.0,0.0,0.0,0.0,,0,0
423880,1107251,2026,24254,1.0,0.0,0.0,6.9,69.0,2.0,0.0,0.0,,4.0,44.4,49.0,1.0,7.0,1.0,1.0,0.5,0,0
448580,828273,2026,24254,1.0,0.0,0.0,6.31,71.0,0.0,0.0,0.0,,1.0,33.3,29.0,0.0,3.0,1.0,0.0,,0,0
479316,925647,2026,24254,1.0,0.0,0.0,,6.0,0.0,0.0,0.0,,3.0,60.0,11.0,0.0,1.0,0.0,0.0,,0,0
448586,1044299,2026,24254,2.0,1.0,0.0,6.64,54.0,1.0,0.0,2.0,0.0,4.0,44.4,18.0,3.0,0.0,0.0,0.0,,0,0
418490,940976,2026,24254,2.0,0.0,1.0,7.8,180.0,6.0,2.0,11.0,81.8,17.0,70.8,137.0,1.0,2.0,2.0,1.0,1.35,1,0
448585,1232560,2026,24254,1.0,0.0,0.0,6.38,19.0,0.0,0.0,1.0,0.0,2.0,40.0,19.0,1.0,3.0,2.0,1.0,,0,0
429608,1132818,2026,24254,2.0,0.0,0.0,6.54,161.0,1.0,0.0,1.0,0.0,1.0,25.0,98.0,2.0,3.0,1.0,1.0,1.11,0,0
430385,622980,2026,24254,1.0,0.0,0.0,,6.0,0.0,0.0,0.0,,1.0,50.0,6.0,0.0,0.0,0.0,0.0,,0,0
423855,1107283,2026,24254,2.0,0.0,0.0,6.62,40.0,1.0,1.0,1.0,100.0,6.0,100.0,20.0,1.0,4.0,2.0,0.0,,0,0
441252,1055426,2026,24254,2.0,0.0,0.0,7.71,180.0,7.0,2.0,2.0,100.0,7.0,63.6,148.0,14.0,7.0,1.0,2.0,1.19,1,0
480322,1399943,2026,24254,2.0,0.0,0.0,7.17,161.0,2.0,0.0,0.0,,12.0,50.0,128.0,5.0,12.0,3.0,2.0,1.19,1,0
433635,816223,2026,24254,2.0,0.0,0.0,7.66,179.0,4.0,1.0,0.0,,8.0,72.7,180.0,4.0,6.0,4.0,2.0,,0,0
441258,1288119,2026,24254,2.0,0.0,0.0,6.7,147.0,1.0,0.0,2.0,50.0,8.0,33.3,140.0,4.0,5.0,2.0,1.0,1.19,0,0
390670,544312,2026,24254,2.0,2.0,0.0,7.56,104.0,2.0,0.0,0.0,,4.0,33.3,31.0,13.0,1.0,0.0,3.0,0.23,0,0
441257,939569,2026,24254,2.0,3.0,0.0,8.12,151.0,0.0,0.0,1.0,0.0,2.0,33.3,65.0,22.0,3.0,1.0,0.0,1.18,0,0
441259,932308,2026,24254,1.0,0.0,0.0,6.76,61.0,1.0,0.0,3.0,66.7,6.0,46.2,46.0,1.0,2.0,2.0,1.0,0.95,0,0
486929,1338740,2026,24254,2.0,0.0,0.0,6.19,95.0,2.0,0.0,2.0,50.0,9.0,36.0,44.0,13.0,0.0,0.0,2.0,0.95,0,0
371958,847629,2026,24254,2.0,0.0,0.0,6.98,135.0,0.0,0.0,0.0,,10.0,52.6,122.0,4.0,10.0,4.0,2.0,1.19,1,0
448411,1023943,2026,24254,2.0,0.0,0.0,6.32,48.0,2.0,0.0,0.0,,2.0,33.3,47.0,8.0,1.0,1.0,0.0,,0,0
466585,1440009,2026,24254,1.0,0.0,0.0,6.32,45.0,0.0,0.0,0.0,,0.0,0.0,40.0,1.0,0.0,0.0,1.0,,0,0
331732,464919,2026,24254,2.0,0.0,0.0,7.2,180.0,0.0,0.0,0.0,,2.0,100.0,49.0,0.0,3.0,1.0,0.0,1.0,0,0
430138,1026135,2026,24254,2.0,0.0,0.0,6.76,144.0,2.0,0.0,8.0,50.0,12.0,52.2,90.0,14.0,3.0,3.0,1.0,1.18,0,0
466687,1359536,2026,24254,2.0,0.0,0.0,6.62,100.0,2.0,0.0,4.0,25.0,5.0,45.5,76.0,14.0,5.0,3.0,0.0,0.23,0,0
370986,432605,2026,24254,1.0,0.0,0.0,,1.0,0.0,0.0,0.0,,0.0,,5.0,0.0,0.0,0.0,0.0,,0,0
431696,729506,2026,24254,2.0,0.0,0.0,8.06,180.0,5.0,1.0,2.0,100.0,12.0,85.7,141.0,11.0,6.0,5.0,0.0,,0,0
485064,1494508,2026,24254,1.0,0.0,0.0,,7.0,0.0,0.0,0.0,,0.0,,19.0,2.0,0.0,0.0,0.0,,0,0
493970,1252132,2026,24254,1.0,0.0,1.0,6.62,29.0,1.0,0.0,0.0,,3.0,30.0,11.0,1.0,2.0,1.0,2.0,,0,0
423941,1216798,2026,24254,1.0,1.0,1.0,8.35,33.0,2.0,1.0,1.0,0.0,2.0,40.0,39.0,3.0,1.0,1.0,0.0,,0,0
406280,892816,2026,24254,2.0,0.0,0.0,7.06,152.0,1.0,0.0,11.0,54.5,8.0,47.1,91.0,10.0,1.0,0.0,0.0,0.64,0,0
419062,950829,2026,24254,2.0,0.0,0.0,7.42,180.0,0.0,0.0,0.0,,12.0,54.5,202.0,1.0,17.0,4.0,6.0,0.88,1,0
390238,729769,2026,24254,2.0,0.0,0.0,7.66,180.0,2.0,0.0,2.0,100.0,15.0,57.7,166.0,4.0,19.0,6.0,3.0,0.88,1,0
441251,662428,2026,24254,2.0,0.0,0.0,7.66,170.0,2.0,0.0,8.0,75.0,13.0,59.1,156.0,3.0,13.0,4.0,1.0,0.86,1,0
390272,688271,2026,24254,1.0,0.0,0.0,6.18,10.0,0.0,0.0,0.0,,1.0,50.0,9.0,0.0,2.0,0.0,0.0,,0,0
419068,1071179,2026,24254,2.0,1.0,0.0,,9.0,0.0,0.0,0.0,,2.0,66.7,15.0,1.0,0.0,0.0,1.0,,0,0
390259,848266,2026,24254,2.0,0.0,0.0,7.61,179.0,6.0,0.0,5.0,80.0,8.0,40.0,119.0,12.0,8.0,3.0,4.0,0.88,0,0
419082,1036401,2026,24254,2.0,0.0,0.0,6.22,92.0,1.0,0.0,1.0,100.0,4.0,25.0,33.0,5.0,1.0,1.0,3.0,0.54,0,0
390267,688295,2026,24254,1.0,0.0,1.0,7.85,45.0,2.0,2.0,6.0,66.7,7.0,70.0,37.0,4.0,2.0,2.0,1.0,0.13,0,0
339510,198444,2026,24254,2.0,0.0,0.0,7.38,180.0,0.0,0.0,1.0,100.0,5.0,55.6,187.0,2.0,13.0,1.0,0.0,,0,0
499912,1136096,2026,24254,2.0,0.0,0.0,6.52,61.0,0.0,0.0,0.0,,5.0,83.3,50.0,1.0,4.0,0.0,0.0,,0,0
464542,1338696,2026,24254,2.0,1.0,1.0,8.32,180.0,2.0,0.0,6.0,66.7,19.0,67.9,187.0,2.0,15.0,5.0,1.0,0.88,0,0
448214,1126058,2026,24254,2.0,0.0,1.0,7.75,172.0,5.0,2.0,6.0,50.0,14.0,41.2,146.0,11.0,9.0,3.0,1.0,0.88,0,0
390276,848268,2026,24254,1.0,0.0,0.0,,1.0,0.0,0.0,0.0,,1.0,33.3,1.0,0.0,0.0,0.0,0.0,,0,0
466624,982677,2026,24254,2.0,2.0,0.0,7.7,161.0,0.0,0.0,5.0,40.0,8.0,40.0,65.0,16.0,1.0,0.0,2.0,0.66,1,0
406304,889536,2026,24254,1.0,0.0,0.0,6.17,18.0,0.0,0.0,1.0,0.0,0.0,0.0,17.0,1.0,0.0,0.0,2.0,,0,0
423700,959696,2026,24254,1.0,0.0,0.0,6.3,10.0,0.0,0.0,0.0,,1.0,100.0,9.0,0.0,2.0,0.0,0.0,,0,0
499913,1026065,2026,24254,2.0,0.0,0.0,7.02,180.0,0.0,0.0,0.0,,1.0,100.0,56.0,0.0,0.0,0.0,0.0,0.51,0,0
419459,1213141,2026,24254,2.0,0.0,0.0,6.39,180.0,0.0,0.0,0.0,,1.0,50.0,91.0,0.0,8.0,0.0,1.0,6.63,1,0
416051,734637,2026,24254,2.0,0.0,0.0,6.06,180.0,0.0,0.0,2.0,100.0,10.0,71.4,75.0,0.0,21.0,2.0,1.0,7.8,0,0
356673,149583,2026,24254,1.0,0.0,0.0,,3.0,0.0,0.0,0.0,,1.0,100.0,2.0,0.0,2.0,1.0,0.0,,0,0
512791,1839745,2026,24254,2.0,0.0,0.0,6.54,180.0,0.0,0.0,0.0,,8.0,80.0,72.0,1.0,15.0,3.0,0.0,7.8,0,0
419473,1195865,2026,24254,2.0,0.0,0.0,6.22,105.0,0.0,0.0,0.0,,5.0,45.5,27.0,0.0,9.0,3.0,3.0,5.02,1,0
353251,264096,2026,24254,1.0,0.0,0.0,6.41,30.0,0.0,0.0,0.0,,1.0,50.0,11.0,1.0,1.0,1.0,0.0,,0,0
429063,365245,2026,24254,2.0,0.0,0.0,6.08,133.0,0.0,0.0,3.0,33.3,4.0,23.5,44.0,4.0,5.0,1.0,3.0,5.53,0,0
284190,117539,2026,24254,1.0,0.0,0.0,,2.0,0.0,0.0,0.0,,0.0,,3.0,0.0,0.0,0.0,0.0,,0,0
386347,613792,2026,24254,2.0,0.0,0.0,6.53,149.0,2.0,0.0,2.0,0.0,4.0,44.4,66.0,0.0,2.0,1.0,0.0,5.72,0,0
354861,309153,2026,24254,1.0,0.0,0.0,6.33,30.0,0.0,0.0,0.0,,1.0,100.0,25.0,0.0,1.0,0.0,0.0,,0,0
510991,1432180,2026,24254,2.0,0.0,0.0,5.7,150.0,0.0,0.0,0.0,,3.0,42.9,53.0,0.0,15.0,1.0,1.0,7.25,0,0
419463,1053987,2026,24254,2.0,0.0,0.0,6.4,100.0,1.0,0.0,0.0,,7.0,58.3,36.0,2.0,7.0,4.0,1.0,3.94,0,0
385067,308921,2026,24254,2.0,0.0,0.0,6.08,180.0,0.0,0.0,0.0,,9.0,60.0,100.0,0.0,35.0,4.0,2.0,7.8,0,0
386387,644014,2026,24254,1.0,0.0,0.0,6.63,50.0,0.0,0.0,1.0,100.0,2.0,100.0,16.0,0.0,7.0,1.0,0.0,,0,0
433394,898424,2026,24254,2.0,0.0,0.0,6.44,72.0,1.0,0.0,0.0,,3.0,75.0,30.0,0.0,6.0,2.0,1.0,,1,0
386348,615414,2026,24254,2.0,0.0,0.0,5.72,132.0,0.0,0.0,1.0,0.0,2.0,25.0,55.0,0.0,10.0,1.0,2.0,5.62,0,1
486614,1642780,2026,24254,1.0,0.0,0.0,6.55,31.0,0.0,0.0,0.0,,6.0,54.5,13.0,0.0,9.0,3.0,2.0,,0,0
498458,1553870,2026,24254,2.0,0.0,0.0,4.92,56.0,0.0,0.0,0.0,,1.0,20.0,20.0,0.0,8.0,1.0,1.0,,0,0
308370,319784,2026,24254,2.0,0.0,0.0,7.3,180.0,0.0,0.0,1.0,100.0,1.0,100.0,73.0,0.0,1.0,0.0,0.0,1.17,0,0
485069,957203,2026,24254,1.0,0.0,0.0,,9.0,0.0,0.0,0.0,,0.0,0.0,8.0,4.0,1.0,0.0,1.0,,0,0
430601,795179,2026,24254,2.0,0.0,0.0,7.06,180.0,0.0,0.0,0.0,,9.0,81.8,189.0,1.0,11.0,1.0,1.0,1.6,0,0
332946,267365,2026,24254,2.0,0.0,0.0,7.09,180.0,0.0,0.0,0.0,,8.0,80.0,184.0,2.0,13.0,2.0,0.0,1.6,0,0
308386,208494,2026,24254,2.0,0.0,0.0,7.05,135.0,1.0,0.0,1.0,0.0,14.0,51.9,104.0,1.0,15.0,7.0,3.0,1.44,1,0
405742,846033,2026,24254,2.0,2.0,1.0,7.92,171.0,3.0,1.0,14.0,14.3,6.0,27.3,88.0,14.0,1.0,1.0,3.0,1.53,0,0
430605,850354,2026,24254,2.0,0.0,1.0,7.27,161.0,2.0,0.0,3.0,33.3,14.0,58.3,105.0,1.0,10.0,7.0,2.0,1.36,0,0
430609,863098,2026,24254,2.0,2.0,0.0,7.61,93.0,0.0,0.0,2.0,0.0,7.0,63.6,60.0,5.0,6.0,4.0,0.0,0.28,0,0
433872,696679,2026,24254,2.0,0.0,0.0,6.41,130.0,3.0,0.0,9.0,11.1,4.0,23.5,75.0,6.0,0.0,0.0,1.0,1.37,0,0
335656,208077,2026,24254,2.0,0.0,0.0,6.72,135.0,0.0,0.0,2.0,50.0,4.0,44.4,119.0,1.0,8.0,1.0,2.0,,0,0
367981,346000,2026,24254,2.0,0.0,0.0,7.37,180.0,1.0,0.0,0.0,,10.0,71.4,137.0,1.0,10.0,9.0,3.0,1.6,1,0
394456,359188,2026,24254,1.0,0.0,0.0,6.31,45.0,0.0,0.0,0.0,,1.0,25.0,22.0,0.0,3.0,1.0,3.0,,0,0
429392,1181700,2026,24254,2.0,0.0,0.0,6.12,19.0,0.0,0.0,0.0,,1.0,100.0,12.0,2.0,1.0,1.0,0.0,,0,0
463746,1406729,2026,24254,1.0,0.0,0.0,6.07,26.0,0.0,0.0,0.0,,2.0,50.0,8.0,3.0,1.0,1.0,1.0,,0,0
411726,766435,2026,24254,2.0,0.0,1.0,7.62,125.0,3.0,1.0,5.0,40.0,11.0,47.8,120.0,1.0,13.0,5.0,3.0,,0,0
448420,1176214,2026,24254,1.0,0.0,0.0,6.51,28.0,1.0,0.0,0.0,,2.0,66.7,14.0,0.0,0.0,0.0,0.0,,0,0
430597,1021586,2026,24254,1.0,0.0,0.0,6.35,26.0,1.0,1.0,1.0,0.0,2.0,40.0,16.0,1.0,2.0,0.0,0.0,,0,0
430594,862538,2026,24254,1.0,0.0,0.0,6.66,45.0,0.0,0.0,2.0,50.0,4.0,44.4,31.0,0.0,4.0,2.0,2.0,1.2,1,0
519836,1302005,2026,24254,1.0,0.0,0.0,6.5,62.0,0.0,0.0,1.0,0.0,3.0,42.9,16.0,2.0,2.0,2.0,2.0,1.2,0,0
475036,1478295,2026,24254,1.0,0.0,0.0,6.34,50.0,1.0,1.0,1.0,0.0,2.0,33.3,28.0,1.0,1.0,0.0,2.0,,0,0
295922,103468,2026,24254,2.0,0.0,0.0,5.92,180.0,0.0,0.0,0.0,,1.0,100.0,72.0,0.0,0.0,0.0,0.0,3.51,0,0
397775,634110,2026,24254,2.0,0.0,0.0,5.9,135.0,1.0,0.0,0.0,,5.0,35.7,70.0,0.0,8.0,2.0,5.0,2.45,1,0
275917,532700,2026,24254,2.0,0.0,0.0,6.65,180.0,0.0,0.0,0.0,,10.0,58.8,127.0,2.0,15.0,2.0,4.0,,0,0
448363,822716,2026,24254,2.0,0.0,0.0,5.98,180.0,0.0,0.0,0.0,,7.0,46.7,145.0,0.0,20.0,4.0,0.0,2.8,0,0
466865,643482,2026,24254,1.0,0.0,0.0,,9.0,1.0,0.0,0.0,,0.0,,11.0,2.0,0.0,0.0,0.0,,0,0
489300,1181438,2026,24254,2.0,0.0,0.0,6.74,180.0,2.0,0.0,0.0,,14.0,60.9,127.0,0.0,15.0,8.0,5.0,2.8,0,0
430697,769166,2026,24254,2.0,0.0,0.0,6.82,171.0,3.0,0.0,3.0,33.3,7.0,58.3,139.0,1.0,4.0,1.0,1.0,2.56,1,0
481027,1079194,2026,24254,2.0,0.0,0.0,6.13,89.0,1.0,0.0,7.0,42.9,4.0,33.3,42.0,3.0,1.0,0.0,2.0,,0,0
485664,1200016,2026,24254,2.0,0.0,0.0,6.3,156.0,2.0,0.0,7.0,28.6,7.0,43.8,71.0,8.0,1.0,1.0,2.0,2.45,0,0
485676,1242314,2026,24254,2.0,0.0,0.0,6.0,33.0,1.0,0.0,3.0,33.3,1.0,11.1,17.0,3.0,0.0,0.0,2.0,,0,0
466838,1329461,2026,24254,2.0,0.0,0.0,6.92,180.0,1.0,0.0,2.0,0.0,11.0,61.1,131.0,2.0,10.0,6.0,4.0,,1,0
405879,887703,2026,24254,2.0,0.0,0.0,5.98,121.0,2.0,0.0,4.0,0.0,5.0,29.4,35.0,4.0,0.0,0.0,3.0,1.4,0,0
506483,759569,2026,24254,1.0,0.0,0.0,,5.0,0.0,0.0,0.0,,1.0,100.0,7.0,0.0,0.0,0.0,0.0,,0,0
431693,833641,2026,24254,2.0,0.0,0.0,5.9,135.0,1.0,0.0,0.0,,11.0,40.7,33.0,8.0,4.0,0.0,5.0,2.45,1,0
510757,1199382,2026,24254,2.0,0.0,0.0,5.51,91.0,1.0,0.0,4.0,50.0,4.0,36.4,54.0,4.0,1.0,0.0,2.0,1.49,0,0
431781,769168,2026,24254,1.0,0.0,0.0,5.69,90.0,0.0,0.0,0.0,,3.0,42.9,61.0,1.0,5.0,2.0,1.0,1.75,0,0
523215,1356595,2026,24254,1.0,0.0,0.0,6.64,45.0,0.0,0.0,1.0,0.0,3.0,60.0,32.0,1.0,4.0,2.0,1.0,,0,0
448014,1318686,2026,24254,2.0,0.0,0.0,7.02,180.0,0.0,0.0,2.0,100.0,15.0,68.2,103.0,5.0,23.0,5.0,3.0,2.44,1,0
430450,889093,2026,24254,2.0,0.0,0.0,6.66,164.0,1.0,0.0,6.0,50.0,8.0,42.1,96.0,2.0,16.0,4.0,0.0,2.03,1,0
423522,1316930,2026,24254,2.0,0.0,0.0,6.54,174.0,1.0,0.0,5.0,60.0,6.0,40.0,84.0,3.0,6.0,1.0,2.0,2.27,1,0
339112,418799,2026,24254,2.0,0.0,0.0,6.28,61.0,0.0,0.0,1.0,0.0,5.0,38.5,40.0,0.0,6.0,1.0,2.0,,0,0
321697,185014,2026,24254,1.0,0.0,0.0,6.12,61.0,0.0,0.0,1.0,100.0,5.0,55.6,30.0,1.0,0.0,0.0,1.0,1.08,0,0
430452,885870,2026,24254,2.0,1.0,0.0,7.2,135.0,1.0,0.0,1.0,100.0,6.0,50.0,61.0,1.0,9.0,2.0,0.0,1.51,0,0
498806,1132069,2026,24254,2.0,0.0,0.0,6.22,119.0,1.0,0.0,4.0,50.0,5.0,33.3,25.0,3.0,1.0,1.0,3.0,1.88,0,0
430440,785377,2026,24254,2.0,0.0,0.0,7.18,180.0,1.0,0.0,3.0,66.7,8.0,66.7,101.0,1.0,11.0,1.0,1.0,,0,0
349342,192735,2026,24254,1.0,0.0,0.0,,6.0,0.0,0.0,0.0,,0.0,0.0,10.0,0.0,2.0,0.0,1.0,,0,0
486306,1327214,2026,24254,2.0,1.0,0.0,6.93,106.0,1.0,0.0,1.0,100.0,5.0,38.5,33.0,9.0,3.0,0.0,3.0,0.88,0,0
494557,1335765,2026,24254,2.0,0.0,0.0,7.62,180.0,0.0,0.0,0.0,,0.0,0.0,71.0,0.0,1.0,0.0,0.0,2.77,0,0
430442,671518,2026,24254,2.0,0.0,0.0,6.84,180.0,1.0,0.0,1.0,100.0,11.0,61.1,82.0,5.0,22.0,2.0,4.0,2.44,1,0
448015,1308909,2026,24254,1.0,0.0,0.0,6.8,29.0,1.0,0.0,6.0,83.3,6.0,66.7,31.0,4.0,0.0,0.0,0.0,,0,0
382312,564842,2026,24254,2.0,0.0,0.0,6.02,135.0,0.0,0.0,0.0,,5.0,83.3,72.0,0.0,12.0,2.0,0.0,2.29,0,0
355775,369742,2026,24254,2.0,0.0,0.0,6.26,18.0,0.0,0.0,1.0,100.0,2.0,50.0,18.0,2.0,3.0,0.0,1.0,,0,0
491166,1250885,2026,24254,2.0,0.0,0.0,6.06,74.0,1.0,0.0,3.0,0.0,2.0,25.0,24.0,1.0,2.0,2.0,1.0,1.56,0,0
498421,1527363,2026,24254,2.0,0.0,1.0,7.34,162.0,2.0,1.0,1.0,0.0,11.0,52.4,105.0,0.0,19.0,5.0,3.0,2.27,0,0
518200,1220549,2026,24254,1.0,0.0,0.0,6.24,16.0,0.0,0.0,0.0,,6.0,54.5,13.0,1.0,2.0,2.0,3.0,,0,0
228912,27299,2026,24254,2.0,0.0,0.0,6.68,180.0,0.0,0.0,0.0,,1.0,100.0,52.0,0.0,0.0,0.0,0.0,1.61,0,0
379955,276738,2026,24254,2.0,0.0,0.0,6.38,62.0,0.0,0.0,0.0,,3.0,50.0,53.0,0.0,6.0,1.0,0.0,,0,0
430658,664970,2026,24254,1.0,0.0,0.0,,7.0,0.0,0.0,0.0,,2.0,100.0,12.0,1.0,3.0,2.0,0.0,,0,0
401378,469700,2026,24254,2.0,0.0,0.0,7.28,163.0,2.0,1.0,0.0,,4.0,40.0,178.0,1.0,8.0,1.0,2.0,1.54,0,0
484849,1473580,2026,24254,2.0,0.0,0.0,7.16,150.0,2.0,0.0,1.0,100.0,6.0,35.3,160.0,2.0,5.0,3.0,7.0,1.6,0,0
386413,460632,2026,24254,2.0,0.0,2.0,8.16,173.0,8.0,4.0,0.0,,5.0,45.5,180.0,1.0,6.0,3.0,0.0,1.63,0,0
411367,749736,2026,24254,2.0,2.0,0.0,7.67,175.0,0.0,0.0,2.0,0.0,7.0,35.0,97.0,19.0,4.0,0.0,1.0,1.63,0,0
379953,343748,2026,24254,2.0,0.0,0.0,6.0,22.0,0.0,0.0,0.0,,2.0,40.0,21.0,3.0,3.0,1.0,0.0,,0,0
491218,1074968,2026,24254,1.0,0.0,0.0,6.37,30.0,0.0,0.0,0.0,,0.0,,20.0,2.0,0.0,0.0,0.0,,0,0
429642,1156141,2026,24254,2.0,1.0,0.0,7.68,124.0,3.0,0.0,9.0,66.7,15.0,60.0,86.0,18.0,5.0,5.0,3.0,1.51,0,0
430667,1002058,2026,24254,2.0,1.0,0.0,7.85,135.0,1.0,0.0,2.0,100.0,11.0,73.3,153.0,5.0,14.0,3.0,2.0,1.16,0,0
430669,1152455,2026,24254,2.0,0.0,1.0,8.14,180.0,6.0,0.0,8.0,50.0,9.0,37.5,183.0,8.0,6.0,4.0,1.0,1.63,0,0
511015,1395447,2026,24254,2.0,1.0,1.0,7.47,163.0,3.0,1.0,1.0,0.0,8.0,57.1,117.0,11.0,14.0,8.0,2.0,1.54,0,0
404353,530859,2026,24254,2.0,0.0,0.0,6.93,150.0,2.0,0.0,5.0,40.0,6.0,37.5,111.0,10.0,3.0,3.0,1.0,1.6,0,0
395471,614449,2026,24254,1.0,0.0,1.0,7.23,30.0,1.0,1.0,0.0,,0.0,,15.0,1.0,0.0,0.0,0.0,,0,0
430657,806669,2026,24254,1.0,0.0,0.0,6.28,17.0,0.0,0.0,0.0,,0.0,,14.0,2.0,1.0,0.0,0.0,,0,0
492363,966019,2026,24254,2.0,1.0,1.0,8.38,163.0,2.0,2.0,4.0,0.0,16.0,55.2,147.0,6.0,14.0,11.0,2.0,1.54,0,0
484851,661519,2026,24254,2.0,3.0,2.0,8.76,56.0,5.0,1.0,2.0,0.0,0.0,0.0,28.0,6.0,0.0,0.0,2.0,,0,0
424081,1131987,2026,24254,2.0,0.0,0.0,6.87,180.0,0.0,0.0,0.0,,0.0,,77.0,0.0,1.0,0.0,0.0,3.03,0,0
397786,209405,2026,24254,2.0,1.0,0.0,7.47,180.0,0.0,0.0,1.0,0.0,4.0,50.0,205.0,2.0,18.0,0.0,1.0,1.6,0,0
336088,417068,2026,24254,1.0,0.0,0.0,,9.0,0.0,0.0,0.0,,0.0,0.0,12.0,0.0,0.0,0.0,0.0,,0,0
489517,974618,2026,24254,2.0,0.0,0.0,7.22,180.0,0.0,0.0,0.0,,9.0,81.8,193.0,2.0,16.0,3.0,1.0,1.6,0,0
430176,956683,2026,24254,2.0,0.0,2.0,7.73,171.0,2.0,0.0,4.0,50.0,7.0,46.7,80.0,4.0,7.0,3.0,2.0,1.42,0,0
336098,303824,2026,24254,2.0,0.0,1.0,6.35,38.0,2.0,0.0,1.0,0.0,1.0,12.5,18.0,2.0,0.0,0.0,1.0,,1,0
448152,806552,2026,24254,2.0,2.0,1.0,8.26,174.0,2.0,1.0,10.0,30.0,15.0,50.0,97.0,9.0,4.0,2.0,1.0,1.34,0,0
483526,868344,2026,24254,2.0,0.0,0.0,6.46,129.0,2.0,0.0,1.0,0.0,3.0,33.3,61.0,3.0,2.0,0.0,0.0,1.11,0,0
448140,1097466,2026,24254,2.0,0.0,0.0,6.94,180.0,1.0,0.0,1.0,100.0,9.0,60.0,123.0,4.0,9.0,3.0,3.0,1.6,1,0
448157,774947,2026,24254,1.0,0.0,0.0,6.1,31.0,0.0,0.0,0.0,,0.0,,11.0,0.0,0.0,0.0,0.0,,0,0
448153,837341,2026,24254,1.0,0.0,0.0,,1.0,0.0,0.0,0.0,,1.0,100.0,2.0,0.0,0.0,0.0,0.0,,0,0
433066,660301,2026,24254,2.0,0.0,0.0,6.6,115.0,1.0,0.0,5.0,40.0,4.0,44.4,32.0,12.0,0.0,0.0,0.0,0.71,0,0
424051,940446,2026,24254,2.0,2.0,0.0,8.84,77.0,2.0,0.0,0.0,,3.0,60.0,18.0,2.0,2.0,0.0,1.0,1.06,0,0
448149,866516,2026,24254,2.0,0.0,0.0,6.28,51.0,0.0,0.0,0.0,,3.0,75.0,38.0,2.0,2.0,2.0,1.0,,0,0
422657,638622,2026,24254,2.0,0.0,0.0,7.76,149.0,1.0,0.0,1.0,100.0,10.0,62.5,145.0,0.0,13.0,6.0,2.0,1.47,0,0
436612,593118,2026,24254,2.0,0.0,2.0,7.7,180.0,4.0,2.0,0.0,,9.0,69.2,114.0,4.0,9.0,4.0,2.0,1.6,0,0
489518,941213,2026,24254,2.0,2.0,1.0,8.08,115.0,1.0,0.0,3.0,66.7,8.0,61.5,58.0,4.0,3.0,1.0,1.0,0.76,1,0
484859,970563,2026,24254,1.0,0.0,0.0,6.46,20.0,1.0,0.0,1.0,0.0,3.0,60.0,12.0,3.0,4.0,2.0,0.0,,0,0
405873,873566,2026,24254,2.0,0.0,0.0,7.32,180.0,0.0,0.0,0.0,,3.0,100.0,81.0,0.0,1.0,0.0,0.0,2.39,0,0
407343,740997,2026,24254,2.0,0.0,0.0,6.8,180.0,1.0,0.0,5.0,60.0,5.0,38.5,127.0,1.0,12.0,1.0,0.0,2.91,0,0
430854,1027472,2026,24254,2.0,0.0,1.0,7.69,172.0,1.0,0.0,5.0,100.0,11.0,68.8,130.0,4.0,16.0,1.0,3.0,2.37,0,0
405175,602211,2026,24254,2.0,0.0,0.0,6.46,92.0,1.0,0.0,1.0,100.0,1.0,25.0,61.0,4.0,4.0,0.0,1.0,1.19,1,0
477825,1014496,2026,24254,2.0,0.0,0.0,6.63,91.0,0.0,0.0,1.0,100.0,4.0,66.7,65.0,0.0,10.0,0.0,0.0,2.05,0,0
371609,579747,2026,24254,2.0,1.0,0.0,7.31,180.0,1.0,0.0,2.0,50.0,5.0,38.5,107.0,3.0,3.0,2.0,4.0,2.91,1,0
464103,1199383,2026,24254,2.0,0.0,0.0,6.22,109.0,0.0,0.0,1.0,100.0,6.0,42.9,39.0,4.0,2.0,1.0,1.0,1.76,0,0
477778,1227012,2026,24254,1.0,0.0,0.0,6.07,15.0,1.0,0.0,1.0,0.0,0.0,0.0,13.0,1.0,0.0,0.0,0.0,,0,0
510922,1735453,2026,24254,2.0,0.0,0.0,7.7,175.0,7.0,2.0,14.0,57.1,21.0,63.6,130.0,17.0,11.0,8.0,1.0,2.37,0,0
464133,1213430,2026,24254,1.0,0.0,0.0,6.61,56.0,0.0,0.0,0.0,,1.0,25.0,17.0,5.0,1.0,1.0,0.0,0.61,0,0
430822,1070052,2026,24254,2.0,1.0,0.0,7.26,109.0,3.0,0.0,12.0,50.0,9.0,50.0,65.0,11.0,5.0,3.0,0.0,1.76,0,0
486317,1395704,2026,24254,2.0,0.0,0.0,7.58,97.0,2.0,0.0,0.0,,7.0,50.0,89.0,1.0,6.0,1.0,4.0,1.39,1,0
430831,795371,2026,24254,2.0,0.0,0.0,6.8,88.0,0.0,0.0,0.0,,10.0,83.3,66.0,1.0,12.0,7.0,0.0,1.72,0,0
402261,575735,2026,24254,2.0,0.0,0.0,6.72,82.0,0.0,0.0,4.0,75.0,4.0,40.0,53.0,3.0,0.0,0.0,0.0,1.19,0,0
486268,1114979,2026,24254,2.0,0.0,0.0,7.04,180.0,0.0,0.0,0.0,,10.0,66.7,147.0,1.0,25.0,5.0,0.0,2.91,0,0
485675,1087966,2026,24254,1.0,0.0,0.0,5.93,15.0,0.0,0.0,1.0,0.0,0.0,0.0,9.0,0.0,0.0,0.0,1.0,,0,0
506202,1624586,2026,24254,1.0,0.0,0.0,6.22,56.0,0.0,0.0,2.0,0.0,2.0,40.0,23.0,4.0,0.0,0.0,0.0,0.61,0,0
514208,1666494,2026,24254,2.0,0.0,0.0,7.02,103.0,1.0,0.0,5.0,100.0,13.0,68.4,90.0,1.0,12.0,4.0,2.0,2.25,0,0
483304,919848,2026,24254,2.0,0.0,0.0,5.96,180.0,1.0,0.0,1.0,100.0,15.0,62.5,130.0,2.0,15.0,9.0,1.0,2.88,0,0
395283,258269,2026,24254,2.0,0.0,0.0,5.88,180.0,0.0,0.0,0.0,,3.0,42.9,133.0,2.0,12.0,1.0,3.0,2.88,0,0
483312,939780,2026,24254,2.0,0.0,0.0,6.0,180.0,1.0,0.0,0.0,,10.0,58.8,130.0,2.0,12.0,3.0,2.0,2.88,0,0
483276,744494,2026,24254,2.0,0.0,0.0,6.66,154.0,1.0,0.0,3.0,33.3,10.0,55.6,85.0,1.0,9.0,2.0,3.0,2.87,1,0
489689,1386775,2026,24254,2.0,0.0,1.0,7.02,59.0,2.0,0.0,1.0,100.0,4.0,57.1,40.0,2.0,4.0,2.0,2.0,,1,0
491255,1209228,2026,24254,1.0,0.0,0.0,,1.0,0.0,0.0,0.0,,0.0,,5.0,0.0,0.0,0.0,0.0,,0,0
430150,690107,2026,24254,2.0,1.0,3.0,8.36,179.0,6.0,3.0,3.0,33.3,4.0,28.6,75.0,7.0,1.0,1.0,1.0,2.87,0,0
502946,931605,2026,24254,2.0,0.0,0.0,6.14,121.0,1.0,0.0,2.0,100.0,4.0,28.6,52.0,1.0,0.0,0.0,3.0,2.75,0,0
441137,1050166,2026,24254,2.0,1.0,0.0,7.42,36.0,0.0,0.0,1.0,100.0,2.0,66.7,23.0,3.0,0.0,0.0,0.0,,0,0
441135,322003,2026,24254,2.0,0.0,0.0,6.3,140.0,2.0,0.0,1.0,100.0,6.0,54.5,56.0,2.0,7.0,3.0,3.0,2.75,0,0
483327,664500,2026,24254,2.0,1.0,1.0,7.85,180.0,7.0,2.0,3.0,33.3,6.0,40.0,69.0,17.0,2.0,1.0,2.0,2.88,0,0
489688,1168311,2026,24254,2.0,2.0,0.0,7.56,169.0,1.0,0.0,4.0,25.0,10.0,41.7,99.0,4.0,7.0,4.0,2.0,2.8,1,0
433795,647900,2026,24254,1.0,1.0,0.0,,6.0,0.0,0.0,0.0,,0.0,,3.0,1.0,0.0,0.0,0.0,,0,0
502945,1014688,2026,24254,2.0,0.0,0.0,6.69,144.0,1.0,0.0,4.0,25.0,10.0,45.5,81.0,0.0,11.0,4.0,0.0,2.75,0,0
503047,1338361,2026,24254,1.0,0.0,0.0,6.33,34.0,0.0,0.0,0.0,,1.0,50.0,28.0,2.0,1.0,1.0,0.0,,0,0
360496,73462,2026,24254,2.0,0.0,0.0,5.43,180.0,0.0,0.0,0.0,,0.0,,70.0,0.0,0.0,0.0,0.0,4.55,0,0
519958,1272349,2026,24254,2.0,0.0,0.0,6.19,26.0,1.0,0.0,0.0,,1.0,50.0,16.0,0.0,1.0,1.0,0.0,,0,0
514202,1135782,2026,24254,1.0,0.0,0.0,6.58,11.0,2.0,0.0,1.0,100.0,1.0,100.0,12.0,2.0,0.0,0.0,0.0,,0,0
382739,602563,2026,24254,1.0,0.0,0.0,7.9,90.0,3.0,0.0,0.0,,5.0,62.5,102.0,7.0,4.0,2.0,1.0,0.2,0,0
430733,574645,2026,24254,2.0,0.0,0.0,6.46,48.0,3.0,1.0,2.0,0.0,2.0,28.6,33.0,4.0,1.0,1.0,1.0,,0,0
405545,881771,2026,24254,2.0,0.0,0.0,6.44,126.0,0.0,0.0,4.0,50.0,4.0,28.6,67.0,9.0,0.0,0.0,3.0,0.06,0,0
430718,605654,2026,24254,2.0,0.0,0.0,7.08,91.0,1.0,0.0,0.0,,3.0,75.0,117.0,1.0,3.0,2.0,0.0,0.06,0,0
447866,1279040,2026,24254,1.0,0.0,0.0,6.82,71.0,0.0,0.0,0.0,,7.0,70.0,42.0,2.0,4.0,3.0,2.0,0.04,0,0
430750,614834,2026,24254,2.0,0.0,1.0,7.65,70.0,2.0,1.0,3.0,33.3,3.0,42.9,63.0,3.0,2.0,1.0,1.0,0.28,0,0
423658,1047676,2026,24254,1.0,0.0,0.0,6.11,45.0,0.0,0.0,2.0,0.0,0.0,0.0,25.0,0.0,0.0,0.0,2.0,,0,0
430144,941573,2026,24254,1.0,0.0,0.0,8.32,90.0,3.0,0.0,0.0,,4.0,80.0,92.0,3.0,7.0,3.0,1.0,0.14,0,0
335999,411617,2026,24254,2.0,0.0,1.0,7.78,180.0,2.0,1.0,0.0,,5.0,33.3,216.0,2.0,12.0,1.0,1.0,0.34,0,0
447860,942372,2026,24254,1.0,0.0,0.0,7.0,61.0,2.0,0.0,1.0,0.0,0.0,0.0,57.0,7.0,2.0,0.0,1.0,0.11,0,0
411375,675088,2026,24254,2.0,0.0,0.0,8.04,177.0,4.0,0.0,2.0,100.0,11.0,68.8,263.0,2.0,6.0,3.0,1.0,0.17,0,0
447855,1202110,2026,24254,2.0,0.0,0.0,5.84,32.0,0.0,0.0,1.0,0.0,0.0,0.0,23.0,0.0,0.0,0.0,0.0,,0,0
484320,1467236,2026,24254,2.0,1.0,0.0,7.42,64.0,2.0,0.0,6.0,66.7,5.0,55.6,88.0,9.0,2.0,1.0,1.0,0.28,0,0
423646,1083323,2026,24254,2.0,0.0,0.0,8.0,160.0,5.0,1.0,4.0,75.0,6.0,54.5,215.0,7.0,10.0,2.0,1.0,0.32,1,0
430751,678234,2026,24254,2.0,2.0,1.0,7.75,135.0,2.0,1.0,1.0,0.0,6.0,42.9,50.0,21.0,2.0,2.0,1.0,0.32,0,0
474973,1532137,2026,24254,2.0,0.0,0.0,7.83,180.0,3.0,0.0,0.0,,3.0,60.0,219.0,0.0,8.0,1.0,0.0,0.34,0,0
430753,660625,2026,24254,2.0,0.0,0.0,7.58,180.0,0.0,0.0,0.0,,0.0,,63.0,0.0,1.0,0.0,0.0,0.23,0,0
430735,873289,2026,24254,2.0,0.0,0.0,7.44,180.0,2.0,1.0,3.0,66.7,5.0,45.5,160.0,11.0,5.0,1.0,3.0,0.34,0,0
358106,170323,2026,24254,2.0,0.0,0.0,7.66,180.0,0.0,0.0,0.0,,0.0,,55.0,0.0,3.0,0.0,0.0,1.48,0,0
448346,1173250,2026,24254,1.0,0.0,0.0,6.37,17.0,1.0,0.0,0.0,,1.0,100.0,11.0,0.0,0.0,0.0,0.0,,0,0
448360,445873,2026,24254,2.0,0.0,0.0,7.56,180.0,0.0,0.0,0.0,,10.0,58.8,171.0,4.0,17.0,2.0,3.0,1.7,0,0
448373,1134871,2026,24254,2.0,0.0,0.0,7.2,124.0,0.0,0.0,2.0,100.0,5.0,55.6,98.0,7.0,5.0,1.0,2.0,0.93,1,0
358120,169200,2026,24254,2.0,0.0,0.0,7.24,173.0,5.0,0.0,6.0,50.0,10.0,55.6,132.0,13.0,1.0,1.0,0.0,1.61,0,0
401444,465960,2026,24254,2.0,0.0,0.0,7.56,180.0,6.0,1.0,2.0,50.0,10.0,62.5,132.0,4.0,8.0,3.0,1.0,1.7,0,0
358112,181276,2026,24254,2.0,0.0,0.0,5.97,97.0,0.0,0.0,4.0,25.0,3.0,27.3,34.0,12.0,1.0,0.0,1.0,0.65,1,0
448355,318615,2026,24254,2.0,0.0,0.0,7.38,180.0,9.0,0.0,9.0,66.7,13.0,52.0,136.0,7.0,4.0,4.0,1.0,1.7,0,0
448341,942368,2026,24254,1.0,0.0,0.0,6.4,86.0,1.0,0.0,9.0,33.3,8.0,40.0,55.0,6.0,1.0,0.0,1.0,1.05,0,0
448377,688876,2026,24254,1.0,0.0,0.0,6.05,32.0,0.0,0.0,0.0,,2.0,50.0,20.0,1.0,2.0,1.0,0.0,,0,0
358122,277771,2026,24254,2.0,0.0,0.0,6.72,148.0,1.0,0.0,1.0,100.0,7.0,30.4,117.0,3.0,9.0,3.0,6.0,1.58,0,0
448362,1095432,2026,24254,1.0,0.0,0.0,7.51,66.0,1.0,0.0,3.0,66.7,9.0,69.2,47.0,4.0,8.0,2.0,0.0,0.95,0,0
448343,203666,2026,24254,2.0,0.0,0.0,6.19,36.0,0.0,0.0,1.0,100.0,2.0,40.0,42.0,2.0,1.0,0.0,0.0,,0,0
411443,465750,2026,24254,2.0,0.0,0.0,7.3,88.0,4.0,0.0,0.0,,6.0,75.0,86.0,1.0,7.0,4.0,1.0,0.89,1,0
433092,921341,2026,24254,1.0,0.0,0.0,6.42,58.0,0.0,0.0,5.0,40.0,3.0,42.9,34.0,4.0,1.0,1.0,0.0,0.5,0,0
495349,863869,2026,24254,2.0,0.0,0.0,7.0,92.0,1.0,1.0,1.0,100.0,6.0,66.7,100.0,0.0,3.0,3.0,1.0,0.81,0,0
448364,1185748,2026,24254,1.0,0.0,0.0,6.85,56.0,0.0,0.0,0.0,,4.0,66.7,46.0,1.0,3.0,0.0,1.0,0.77,0,0
514166,1252070,2026,24254,2.0,0.0,0.0,6.98,156.0,0.0,0.0,1.0,100.0,9.0,60.0,168.0,1.0,12.0,4.0,4.0,1.61,0,1
494025,1444231,2026,24254,2.0,0.0,0.0,,7.0,0.0,0.0,2.0,100.0,2.0,40.0,11.0,3.0,0.0,0.0,0.0,,0,0
433439,640284,2026,24254,2.0,0.0,0.0,5.77,91.0,0.0,0.0,0.0,,3.0,75.0,50.0,0.0,21.0,1.0,0.0,2.44,0,0
403312,848600,2026,24254,2.0,1.0,0.0,6.66,150.0,0.0,0.0,0.0,,4.0,66.7,71.0,3.0,16.0,1.0,1.0,3.53,1,0
403335,848607,2026,24254,2.0,0.0,0.0,5.42,180.0,0.0,0.0,0.0,,4.0,50.0,87.0,1.0,14.0,2.0,0.0,4.02,0,0
403319,848612,2026,24254,2.0,0.0,0.0,6.78,116.0,0.0,0.0,3.0,66.7,8.0,50.0,74.0,0.0,12.0,3.0,3.0,3.14,0,0
436537,1235341,2026,24254,2.0,0.0,0.0,6.5,108.0,2.0,0.0,1.0,0.0,4.0,44.4,64.0,0.0,4.0,3.0,1.0,2.23,0,0
419291,844226,2026,24254,2.0,0.0,0.0,6.28,149.0,0.0,0.0,0.0,,9.0,45.0,55.0,2.0,4.0,0.0,1.0,3.39,0,0
339745,307753,2026,24254,2.0,0.0,0.0,6.26,180.0,0.0,0.0,6.0,83.3,11.0,47.8,85.0,1.0,3.0,3.0,1.0,4.02,1,0
419281,1002617,2026,24254,2.0,0.0,0.0,6.26,179.0,0.0,0.0,0.0,,10.0,62.5,100.0,2.0,14.0,7.0,2.0,3.88,0,0
430518,1401228,2026,24254,1.0,0.0,0.0,,9.0,0.0,0.0,0.0,,0.0,0.0,7.0,0.0,0.0,0.0,1.0,,0,0
411624,823457,2026,24254,2.0,0.0,0.0,6.42,135.0,0.0,0.0,2.0,100.0,4.0,50.0,62.0,0.0,9.0,2.0,0.0,3.12,0,0
419300,1024928,2026,24254,1.0,0.0,0.0,,1.0,0.0,0.0,0.0,,0.0,,0.0,0.0,0.0,0.0,0.0,,0,0
523333,697618,2026,24254,2.0,0.0,0.0,6.23,31.0,0.0,0.0,0.0,,1.0,50.0,20.0,1.0,1.0,0.0,0.0,,0,0
419302,909198,2026,24254,1.0,0.0,0.0,6.0,46.0,0.0,0.0,1.0,100.0,1.0,50.0,17.0,0.0,2.0,0.0,0.0,,0,0
396885,535669,2026,24254,2.0,0.0,0.0,7.0,180.0,0.0,0.0,0.0,,2.0,100.0,85.0,0.0,4.0,0.0,0.0,5.13,0,0
407993,866373,2026,24254,1.0,0.0,0.0,6.59,135.0,0.0,0.0,0.0,,5.0,62.5,82.0,1.0,9.0,1.0,1.0,,1,0
419303,1138003,2026,24254,2.0,0.0,0.0,6.06,179.0,0.0,0.0,3.0,33.3,6.0,54.5,93.0,1.0,13.0,0.0,0.0,3.88,0,0
512183,1543647,2026,24254,1.0,0.0,0.0,6.16,111.0,0.0,0.0,1.0,0.0,5.0,41.7,62.0,0.0,8.0,3.0,2.0,,0,0
380007,505313,2026,24254,2.0,0.0,0.0,7.6,180.0,0.0,0.0,2.0,100.0,3.0,100.0,79.0,0.0,1.0,0.0,0.0,2.49,0,0
448505,1221526,2026,24254,1.0,0.0,0.0,6.36,45.0,0.0,0.0,1.0,0.0,1.0,20.0,15.0,0.0,4.0,0.0,0.0,0.81,0,0
288961,117222,2026,24254,2.0,0.0,0.0,6.45,91.0,0.0,0.0,0.0,,3.0,50.0,31.0,0.0,4.0,1.0,2.0,1.87,1,0
346743,511397,2026,24254,2.0,0.0,0.0,7.09,180.0,0.0,0.0,0.0,,12.0,60.0,116.0,2.0,28.0,5.0,3.0,3.03,0,0
390537,630459,2026,24254,1.0,0.0,0.0,6.04,114.0,1.0,0.0,1.0,0.0,3.0,37.5,81.0,1.0,9.0,3.0,0.0,,0,0
371736,505281,2026,24254,2.0,0.0,0.0,6.98,175.0,0.0,0.0,2.0,50.0,9.0,40.9,102.0,2.0,15.0,4.0,4.0,2.71,1,0
379886,466890,2026,24254,1.0,0.0,0.0,6.28,45.0,0.0,0.0,1.0,100.0,3.0,37.5,20.0,3.0,2.0,1.0,2.0,,0,0
448497,1073012,2026,24254,2.0,1.0,0.0,7.08,156.0,1.0,0.0,0.0,,6.0,54.5,60.0,5.0,6.0,2.0,0.0,2.61,0,0
388475,619506,2026,24254,2.0,0.0,0.0,6.92,170.0,3.0,0.0,4.0,25.0,13.0,44.8,83.0,8.0,4.0,1.0,2.0,2.53,0,0
403236,848314,2026,24254,1.0,0.0,0.0,6.06,45.0,1.0,0.0,1.0,0.0,3.0,33.3,20.0,2.0,1.0,1.0,2.0,,0,0
416989,505960,2026,24254,1.0,0.0,0.0,6.42,37.0,0.0,0.0,0.0,,2.0,50.0,17.0,1.0,3.0,1.0,1.0,,0,0
390534,500637,2026,24254,1.0,0.0,0.0,7.24,90.0,1.0,1.0,0.0,,2.0,66.7,34.0,3.0,13.0,1.0,0.0,1.79,0,0
411644,532220,2026,24254,2.0,0.0,0.0,7.0,144.0,1.0,0.0,1.0,0.0,8.0,61.5,76.0,2.0,16.0,6.0,1.0,2.11,0,0
390535,621519,2026,24254,1.0,0.0,0.0,6.42,24.0,0.0,0.0,0.0,,2.0,50.0,26.0,0.0,3.0,2.0,0.0,,0,0
481181,1350138,2026,24254,1.0,0.0,0.0,6.49,45.0,1.0,0.0,1.0,0.0,1.0,33.3,27.0,1.0,3.0,0.0,0.0,0.5,0,0
405639,1031319,2026,24254,1.0,0.0,0.0,6.18,15.0,1.0,0.0,1.0,0.0,2.0,33.3,22.0,2.0,2.0,2.0,0.0,,0,0
489603,872575,2026,24254,2.0,0.0,0.0,6.5,180.0,2.0,0.0,0.0,,4.0,44.4,114.0,3.0,20.0,0.0,1.0,3.03,0,0
481180,641121,2026,24254,1.0,0.0,0.0,6.6,64.0,0.0,0.0,0.0,,12.0,63.2,40.0,4.0,5.0,3.0,1.0,,0,0
384797,505959,2026,24254,2.0,1.0,1.0,7.66,180.0,5.0,1.0,1.0,100.0,8.0,80.0,105.0,1.0,5.0,3.0,0.0,3.03,0,0
389876,658554,2026,24254,1.0,0.0,0.0,8.22,90.0,1.0,0.0,0.0,,8.0,66.7,95.0,0.0,11.0,6.0,1.0,0.53,0,0
430707,705450,2026,24254,1.0,0.0,0.0,7.42,90.0,1.0,1.0,0.0,,5.0,50.0,80.0,2.0,8.0,4.0,1.0,0.53,0,0
398680,692984,2026,24254,1.0,0.0,0.0,7.06,80.0,0.0,0.0,0.0,,2.0,100.0,40.0,0.0,1.0,1.0,0.0,0.43,0,0
405893,914458,2026,24254,1.0,0.0,0.0,7.52,90.0,0.0,0.0,0.0,,6.0,85.7,78.0,1.0,5.0,3.0,0.0,0.53,0,0
389867,701154,2026,24254,1.0,2.0,0.0,9.02,90.0,0.0,0.0,6.0,16.7,2.0,22.2,37.0,7.0,0.0,0.0,2.0,0.53,0,0
485655,1029063,2026,24254,1.0,0.0,1.0,8.33,90.0,4.0,2.0,2.0,100.0,6.0,66.7,76.0,2.0,2.0,2.0,0.0,0.53,0,0
484860,1297165,2026,24254,1.0,1.0,0.0,7.37,10.0,0.0,0.0,2.0,50.0,2.0,66.7,12.0,2.0,0.0,0.0,0.0,0.1,0,0
402047,352879,2026,24254,1.0,0.0,1.0,7.69,90.0,2.0,1.0,0.0,,2.0,50.0,57.0,1.0,1.0,0.0,1.0,0.53,0,0
448332,466439,2026,24254,1.0,0.0,0.0,6.21,90.0,0.0,0.0,0.0,,1.0,100.0,50.0,0.0,0.0,0.0,0.0,0.17,0,0
419177,955406,2026,24254,1.0,0.0,0.0,7.01,90.0,0.0,0.0,0.0,,1.0,100.0,78.0,0.0,5.0,0.0,0.0,0.53,0,0
408042,724371,2026,24254,1.0,0.0,0.0,6.94,90.0,0.0,0.0,2.0,0.0,4.0,44.4,59.0,1.0,5.0,2.0,0.0,0.53,0,0
464114,1339208,2026,24254,1.0,0.0,0.0,7.39,87.0,1.0,0.0,3.0,33.3,4.0,36.4,53.0,3.0,3.0,1.0,0.0,0.43,0,0
431861,1104053,2026,24254,1.0,0.0,0.0,,3.0,0.0,0.0,0.0,,1.0,100.0,9.0,0.0,0.0,0.0,0.0,,0,0
479553,1092563,2026,24254,1.0,0.0,0.0,5.72,73.0,0.0,0.0,1.0,0.0,1.0,33.3,28.0,1.0,3.0,0.0,1.0,1.82,0,0
434025,1420369,2026,24254,1.0,0.0,0.0,3.63,90.0,0.0,0.0,0.0,,3.0,37.5,49.0,1.0,5.0,0.0,3.0,2.52,1,0
481183,1606279,2026,24254,1.0,0.0,0.0,5.5,90.0,0.0,0.0,3.0,100.0,6.0,60.0,66.0,2.0,7.0,0.0,0.0,2.52,0,0
433585,942834,2026,24254,1.0,0.0,0.0,6.65,78.0,1.0,0.0,4.0,25.0,6.0,50.0,34.0,1.0,3.0,1.0,0.0,2.17,0,0
436628,1113688,2026,24254,1.0,0.0,0.0,6.88,59.0,1.0,1.0,1.0,100.0,3.0,50.0,25.0,3.0,3.0,2.0,1.0,1.82,0,0
422968,926484,2026,24254,1.0,0.0,0.0,5.98,12.0,0.0,0.0,0.0,,0.0,,3.0,1.0,0.0,0.0,0.0,,0,0
523236,1224691,2026,24254,1.0,0.0,0.0,6.07,17.0,0.0,0.0,0.0,,1.0,50.0,7.0,0.0,1.0,1.0,0.0,,0,0
347085,578761,2026,24254,1.0,0.0,0.0,5.15,90.0,0.0,0.0,0.0,,1.0,100.0,41.0,0.0,1.0,0.0,0.0,2.65,0,0
434026,1138592,2026,24254,1.0,0.0,0.0,6.41,31.0,0.0,0.0,3.0,66.7,2.0,66.7,23.0,0.0,0.0,0.0,0.0,0.7,0,0
433074,858340,2026,24254,1.0,0.0,1.0,6.9,90.0,3.0,0.0,0.0,,1.0,25.0,56.0,2.0,1.0,0.0,1.0,2.52,0,0
464457,1478238,2026,24254,1.0,0.0,0.0,6.64,73.0,1.0,0.0,4.0,50.0,3.0,50.0,32.0,2.0,2.0,1.0,0.0,1.82,0,0
395186,674332,2026,24254,1.0,1.0,0.0,6.18,90.0,1.0,0.0,0.0,,3.0,25.0,26.0,4.0,1.0,0.0,2.0,2.52,0,0
484262,1162514,2026,24254,1.0,0.0,0.0,6.37,31.0,0.0,0.0,2.0,0.0,2.0,50.0,12.0,0.0,2.0,1.0,0.0,,0,0
479072,1199113,2026,24254,1.0,0.0,0.0,6.44,90.0,1.0,0.0,2.0,50.0,11.0,84.6,62.0,1.0,9.0,6.0,0.0,2.52,0,0
484270,1642820,2026,24254,1.0,0.0,0.0,6.61,59.0,0.0,0.0,1.0,0.0,7.0,58.3,36.0,0.0,6.0,5.0,2.0,1.82,0,0
479056,1554123,2026,24254,1.0,0.0,0.0,6.16,17.0,0.0,0.0,0.0,,2.0,50.0,4.0,0.0,3.0,2.0,2.0,,0,0
402926,687008,2026,24254,1.0,0.0,0.0,6.84,45.0,0.0,0.0,0.0,,2.0,66.7,27.0,0.0,5.0,2.0,1.0,,0,0
402921,847983,2026,24254,1.0,0.0,0.0,7.71,90.0,0.0,0.0,0.0,,2.0,100.0,75.0,0.0,7.0,2.0,0.0,0.32,0,0
428882,324578,2026,24254,1.0,0.0,1.0,8.1,90.0,1.0,0.0,1.0,100.0,5.0,50.0,68.0,1.0,6.0,3.0,0.0,,0,0
416081,974753,2026,24254,1.0,0.0,0.0,6.01,35.0,0.0,0.0,0.0,,1.0,16.7,14.0,2.0,1.0,1.0,1.0,,0,0
229397,30981,2026,24254,1.0,3.0,0.0,9.66,80.0,2.0,0.0,2.0,0.0,3.0,37.5,57.0,4.0,3.0,2.0,1.0,,0,0
431196,789066,2026,24254,1.0,0.0,0.0,7.19,80.0,0.0,0.0,0.0,,4.0,57.1,75.0,0.0,5.0,2.0,2.0,0.22,0,0
430631,841672,2026,24254,1.0,0.0,1.0,7.13,35.0,1.0,0.0,1.0,0.0,1.0,50.0,19.0,0.0,2.0,0.0,0.0,,0,0
418975,955271,2026,24254,1.0,0.0,0.0,6.98,55.0,0.0,0.0,0.0,,4.0,66.7,43.0,0.0,2.0,2.0,0.0,0.12,0,0
441422,1347574,2026,24254,1.0,0.0,0.0,6.23,10.0,0.0,0.0,0.0,,2.0,50.0,8.0,0.0,2.0,2.0,1.0,,0,0
310116,174321,2026,24254,1.0,0.0,0.0,6.7,10.0,0.0,0.0,0.0,,2.0,100.0,20.0,0.0,4.0,2.0,0.0,,0,0
430628,831489,2026,24254,1.0,0.0,0.0,7.24,90.0,1.0,0.0,0.0,,2.0,25.0,74.0,2.0,4.0,1.0,2.0,0.32,0,0
402920,690230,2026,24254,1.0,0.0,0.0,6.45,55.0,0.0,0.0,2.0,0.0,1.0,16.7,21.0,1.0,1.0,1.0,2.0,0.12,0,0
308300,268375,2026,24254,1.0,0.0,0.0,7.04,90.0,0.0,0.0,0.0,,0.0,,42.0,0.0,1.0,0.0,0.0,,0,0
448252,1137705,2026,24254,1.0,0.0,0.0,7.58,90.0,1.0,0.0,2.0,0.0,5.0,45.5,80.0,1.0,7.0,4.0,1.0,0.32,0,0
418963,812652,2026,24254,1.0,0.0,0.0,7.17,90.0,0.0,0.0,0.0,,3.0,60.0,43.0,1.0,4.0,2.0,2.0,0.32,0,0
402925,726345,2026,24254,1.0,0.0,0.0,7.04,45.0,1.0,0.0,1.0,100.0,2.0,100.0,35.0,0.0,3.0,1.0,0.0,0.21,0,0
371739,450739,2026,24254,1.0,0.0,0.0,7.4,90.0,0.0,0.0,0.0,,1.0,100.0,36.0,0.0,1.0,0.0,0.0,1.18,0,0
405263,754126,2026,24254,1.0,0.0,0.0,6.81,31.0,0.0,0.0,1.0,100.0,3.0,100.0,33.0,0.0,4.0,1.0,0.0,,0,0
385531,620027,2026,24254,1.0,0.0,1.0,8.06,59.0,1.0,0.0,1.0,0.0,6.0,54.5,70.0,0.0,10.0,4.0,2.0,0.44,0,0
441067,557325,2026,24254,1.0,0.0,0.0,6.93,90.0,0.0,0.0,0.0,,6.0,46.2,78.0,6.0,8.0,1.0,3.0,0.46,0,0
441088,1024672,2026,24254,1.0,0.0,0.0,7.53,90.0,0.0,0.0,0.0,,5.0,71.4,81.0,0.0,6.0,3.0,1.0,0.46,0,0
299200,110148,2026,24254,1.0,1.0,0.0,7.6,45.0,1.0,0.0,0.0,,4.0,80.0,20.0,4.0,2.0,2.0,0.0,0.16,0,0
316002,121633,2026,24254,1.0,0.0,0.0,7.24,59.0,0.0,0.0,1.0,100.0,3.0,75.0,72.0,0.0,6.0,0.0,0.0,0.44,0,0
358241,215151,2026,24254,1.0,0.0,0.0,7.55,90.0,1.0,0.0,1.0,100.0,2.0,50.0,57.0,0.0,5.0,1.0,0.0,0.46,1,0
430100,858198,2026,24254,1.0,0.0,0.0,6.53,45.0,1.0,0.0,2.0,50.0,4.0,44.4,24.0,7.0,0.0,0.0,1.0,0.3,0,0
372243,643724,2026,24254,1.0,0.0,0.0,7.66,90.0,0.0,0.0,0.0,,3.0,100.0,98.0,0.0,9.0,1.0,0.0,0.46,0,0
463288,423812,2026,24254,1.0,0.0,0.0,6.43,59.0,1.0,0.0,0.0,,1.0,25.0,36.0,1.0,0.0,0.0,1.0,0.44,0,0
463800,1089685,2026,24254,1.0,0.0,0.0,5.91,31.0,0.0,0.0,2.0,0.0,1.0,16.7,23.0,1.0,0.0,0.0,1.0,0.02,0,0
463283,749488,2026,24254,1.0,1.0,0.0,7.63,83.0,1.0,1.0,1.0,0.0,1.0,14.3,41.0,3.0,2.0,1.0,0.0,0.44,0,0
385259,526827,2026,24254,1.0,0.0,0.0,6.74,90.0,0.0,0.0,0.0,,2.0,28.6,59.0,5.0,3.0,2.0,3.0,0.46,0,0
463286,1073498,2026,24254,1.0,0.0,0.0,,7.0,0.0,0.0,3.0,0.0,1.0,20.0,14.0,1.0,2.0,1.0,0.0,,0,0
520036,1327149,2026,24254,1.0,0.0,0.0,6.08,31.0,0.0,0.0,0.0,,0.0,0.0,30.0,0.0,0.0,0.0,0.0,,0,0
403001,795630,2026,24254,1.0,0.0,0.0,6.8,90.0,0.0,0.0,0.0,,0.0,,37.0,0.0,0.0,0.0,0.0,0.97,0,0
395212,470834,2026,24254,1.0,0.0,0.0,6.04,18.0,0.0,0.0,1.0,100.0,1.0,33.3,19.0,2.0,0.0,0.0,1.0,,1,0
492358,1187283,2026,24254,1.0,0.0,0.0,7.25,90.0,1.0,0.0,0.0,,1.0,33.3,109.0,0.0,4.0,0.0,1.0,0.87,1,0
201200,30893,2026,24254,1.0,0.0,0.0,6.65,90.0,0.0,0.0,0.0,,2.0,66.7,25.0,5.0,0.0,0.0,0.0,0.87,0,0
395206,422685,2026,24254,1.0,0.0,0.0,7.04,90.0,1.0,0.0,0.0,,7.0,70.0,96.0,2.0,3.0,3.0,1.0,0.87,0,0
448081,940087,2026,24254,1.0,0.0,0.0,,7.0,0.0,0.0,0.0,,0.0,,3.0,0.0,0.0,0.0,0.0,,0,0
395205,488139,2026,24254,1.0,0.0,0.0,5.67,45.0,0.0,0.0,0.0,,1.0,20.0,23.0,0.0,1.0,1.0,1.0,0.55,1,0
489704,1343750,2026,24254,1.0,0.0,0.0,6.77,90.0,0.0,0.0,1.0,0.0,4.0,50.0,103.0,0.0,5.0,2.0,1.0,0.87,0,0
484141,1342757,2026,24254,1.0,1.0,0.0,8.15,90.0,1.0,0.0,0.0,,3.0,75.0,97.0,3.0,2.0,1.0,0.0,0.87,0,0
418550,848844,2026,24254,1.0,0.0,0.0,6.13,19.0,1.0,0.0,1.0,0.0,0.0,0.0,14.0,1.0,0.0,0.0,0.0,,0,0
418548,843040,2026,24254,1.0,0.0,1.0,7.19,71.0,1.0,0.0,2.0,0.0,2.0,50.0,54.0,3.0,1.0,1.0,0.0,0.74,0,0
368649,361757,2026,24254,1.0,0.0,0.0,7.1,90.0,0.0,0.0,3.0,66.7,5.0,41.7,99.0,2.0,7.0,2.0,2.0,0.87,0,0
441149,1061249,2026,24254,1.0,0.0,0.0,6.77,83.0,0.0,0.0,1.0,100.0,1.0,25.0,134.0,0.0,1.0,0.0,1.0,0.87,0,0
433195,1158945,2026,24254,1.0,0.0,0.0,6.64,72.0,0.0,0.0,2.0,50.0,6.0,46.2,88.0,6.0,2.0,1.0,0.0,0.74,0,0
485081,1185336,2026,24254,1.0,0.0,0.0,6.36,45.0,2.0,0.0,1.0,0.0,1.0,20.0,37.0,5.0,1.0,1.0,1.0,,0,0
336022,303919,2026,24254,1.0,0.0,0.0,6.38,90.0,0.0,0.0,0.0,,1.0,100.0,72.0,0.0,3.0,0.0,0.0,0.51,0,0
403049,710159,2026,24254,1.0,0.0,0.0,6.07,90.0,0.0,0.0,0.0,,3.0,37.5,79.0,3.0,0.0,0.0,1.0,0.7,0,0
463780,1300526,2026,24254,1.0,0.0,0.0,6.75,90.0,2.0,0.0,3.0,100.0,5.0,50.0,64.0,3.0,1.0,0.0,1.0,0.7,0,0
433097,654096,2026,24254,1.0,0.0,1.0,7.63,72.0,4.0,1.0,1.0,100.0,2.0,50.0,52.0,2.0,0.0,0.0,1.0,0.37,0,0
369434,263653,2026,24254,1.0,0.0,0.0,6.47,87.0,0.0,0.0,0.0,,4.0,57.1,71.0,0.0,2.0,1.0,1.0,0.49,0,0
405841,844425,2026,24254,1.0,0.0,0.0,,3.0,0.0,0.0,0.0,,0.0,,7.0,0.0,0.0,0.0,0.0,,0,0
448196,961995,2026,24254,1.0,0.0,1.0,7.49,18.0,1.0,0.0,1.0,100.0,2.0,100.0,12.0,0.0,2.0,0.0,0.0,,0,0
481610,1089691,2026,24254,1.0,0.0,1.0,7.98,90.0,1.0,1.0,0.0,,6.0,54.5,70.0,1.0,8.0,2.0,3.0,0.7,0,0
369419,194165,2026,24254,1.0,2.0,0.0,9.01,90.0,2.0,0.0,0.0,,4.0,44.4,35.0,9.0,3.0,1.0,2.0,0.7,0,0
448202,1077894,2026,24254,1.0,1.0,0.0,8.3,80.0,1.0,0.0,1.0,100.0,5.0,71.4,41.0,6.0,5.0,3.0,0.0,0.44,0,0
401470,696365,2026,24254,1.0,1.0,0.0,7.16,18.0,0.0,0.0,3.0,0.0,0.0,0.0,12.0,2.0,1.0,0.0,0.0,,0,0
492716,883080,2026,24254,1.0,0.0,0.0,6.96,18.0,2.0,1.0,1.0,0.0,3.0,75.0,11.0,1.0,2.0,1.0,0.0,,0,0
448189,906937,2026,24254,1.0,0.0,0.0,6.21,72.0,0.0,0.0,2.0,0.0,0.0,0.0,17.0,2.0,0.0,0.0,0.0,0.37,0,0
489732,1084981,2026,24254,1.0,0.0,0.0,7.49,72.0,2.0,1.0,1.0,100.0,2.0,50.0,26.0,5.0,1.0,0.0,0.0,0.37,0,0
439641,807729,2026,24254,1.0,0.0,0.0,6.19,90.0,0.0,0.0,1.0,0.0,2.0,28.6,57.0,2.0,5.0,0.0,1.0,0.7,0,0
506329,894803,2026,24254,1.0,0.0,0.0,6.33,10.0,0.0,0.0,0.0,,1.0,100.0,11.0,1.0,1.0,1.0,0.0,,0,0
386473,615411,2026,24254,1.0,0.0,0.0,7.28,45.0,0.0,0.0,0.0,,1.0,100.0,20.0,0.0,2.0,0.0,0.0,0.66,0,0
506279,1615927,2026,24254,1.0,1.0,0.0,8.21,90.0,0.0,0.0,3.0,100.0,5.0,45.5,45.0,2.0,5.0,1.0,1.0,0.73,1,0
494351,1432344,2026,24254,1.0,0.0,0.0,7.9,90.0,0.0,0.0,0.0,,6.0,100.0,72.0,2.0,13.0,3.0,0.0,0.73,0,0
441342,1265626,2026,24254,1.0,0.0,0.0,6.6,32.0,1.0,0.0,4.0,25.0,3.0,50.0,24.0,0.0,0.0,0.0,0.0,,0,0
507253,948745,2026,24254,1.0,0.0,0.0,6.2,12.0,0.0,0.0,0.0,,1.0,50.0,20.0,0.0,1.0,0.0,0.0,,0,0
353235,154280,2026,24254,1.0,0.0,0.0,6.86,87.0,1.0,0.0,3.0,66.7,12.0,60.0,38.0,0.0,0.0,0.0,2.0,0.49,0,0
486213,776184,2026,24254,1.0,0.0,1.0,7.35,32.0,1.0,1.0,1.0,100.0,2.0,100.0,13.0,3.0,0.0,0.0,0.0,,0,0
448531,933576,2026,24254,1.0,0.0,0.0,6.6,90.0,0.0,0.0,1.0,0.0,4.0,44.4,36.0,4.0,1.0,1.0,2.0,0.73,0,0
441333,771630,2026,24254,1.0,0.0,0.0,7.14,90.0,0.0,0.0,3.0,33.3,4.0,40.0,72.0,0.0,6.0,0.0,0.0,0.73,0,0
441341,883823,2026,24254,1.0,0.0,0.0,6.66,78.0,0.0,0.0,0.0,,3.0,50.0,38.0,1.0,4.0,3.0,0.0,0.38,0,0
494349,1806615,2026,24254,1.0,0.0,0.0,7.77,45.0,0.0,0.0,0.0,,2.0,100.0,18.0,0.0,2.0,0.0,0.0,0.7,0,0
486150,873227,2026,24254,1.0,0.0,0.0,7.4,90.0,1.0,0.0,0.0,,2.0,66.7,54.0,0.0,8.0,1.0,0.0,0.73,0,0
448523,1130691,2026,24254,1.0,0.0,0.0,6.45,58.0,1.0,0.0,3.0,33.3,4.0,36.4,24.0,0.0,3.0,2.0,1.0,0.15,0,0
448525,1338390,2026,24254,1.0,0.0,0.0,6.17,58.0,0.0,0.0,3.0,0.0,2.0,22.2,25.0,2.0,0.0,0.0,0.0,0.15,0,0
514401,1220633,2026,24254,1.0,0.0,0.0,,3.0,0.0,0.0,3.0,0.0,0.0,0.0,8.0,0.0,0.0,0.0,2.0,,0,0
520039,1201760,2026,24254,1.0,0.0,0.0,7.44,90.0,0.0,0.0,0.0,,5.0,62.5,55.0,0.0,9.0,5.0,1.0,0.73,0,0
479077,619700,2026,24254,1.0,0.0,0.0,4.99,90.0,0.0,0.0,0.0,,1.0,100.0,35.0,0.0,1.0,0.0,0.0,1.36,0,0
464924,1362998,2026,24254,1.0,0.0,0.0,5.76,90.0,0.0,0.0,0.0,,3.0,42.9,43.0,0.0,5.0,2.0,3.0,1.61,1,0
385139,589585,2026,24254,1.0,0.0,0.0,6.42,45.0,1.0,0.0,0.0,,3.0,75.0,19.0,0.0,1.0,0.0,0.0,,0,0
371415,643624,2026,24254,1.0,0.0,0.0,6.33,77.0,0.0,0.0,0.0,,2.0,100.0,52.0,0.0,8.0,0.0,0.0,1.3,0,0
479106,929168,2026,24254,1.0,0.0,0.0,6.22,90.0,0.0,0.0,1.0,100.0,2.0,66.7,45.0,1.0,2.0,0.0,0.0,1.61,0,0
371348,624405,2026,24254,1.0,0.0,0.0,6.78,90.0,1.0,0.0,1.0,100.0,6.0,75.0,63.0,0.0,2.0,1.0,0.0,1.61,0,0
479080,1057486,2026,24254,1.0,0.0,0.0,6.3,45.0,0.0,0.0,2.0,50.0,1.0,50.0,8.0,0.0,0.0,0.0,0.0,0.81,0,0
479075,1258316,2026,24254,1.0,0.0,0.0,5.66,45.0,0.0,0.0,0.0,,0.0,0.0,12.0,0.0,1.0,0.0,1.0,0.81,0,0
385475,619513,2026,24254,1.0,0.0,0.0,5.49,89.0,0.0,0.0,0.0,,2.0,50.0,28.0,1.0,1.0,0.0,3.0,1.48,0,0
371393,619508,2026,24254,1.0,0.0,0.0,6.68,45.0,1.0,0.0,0.0,,2.0,66.7,26.0,2.0,5.0,2.0,0.0,,0,0
479042,1294120,2026,24254,1.0,0.0,0.0,5.61,90.0,0.0,0.0,0.0,,2.0,28.6,48.0,0.0,9.0,2.0,3.0,1.61,0,0
481220,933051,2026,24254,1.0,0.0,0.0,5.81,13.0,1.0,0.0,2.0,0.0,1.0,20.0,12.0,0.0,0.0,0.0,0.0,,0,0
368546,251915,2026,24254,1.0,0.0,0.0,,1.0,0.0,0.0,0.0,,0.0,,0.0,0.0,0.0,0.0,0.0,,0,0
464933,1249993,2026,24254,1.0,1.0,0.0,7.13,77.0,0.0,0.0,1.0,0.0,4.0,44.4,27.0,1.0,1.0,1.0,1.0,1.3,0,0
475260,1898281,2026,24254,1.0,0.0,0.0,7.48,90.0,1.0,0.0,2.0,100.0,4.0,44.4,40.0,0.0,6.0,2.0,3.0,1.61,0,0
464906,1477513,2026,24254,1.0,0.0,0.0,6.11,13.0,0.0,0.0,1.0,0.0,1.0,25.0,25.0,0.0,3.0,0.0,0.0,,0,0
484012,1077903,2026,24254,2.0,0.0,0.0,6.74,180.0,0.0,0.0,0.0,,0.0,,68.0,0.0,1.0,0.0,0.0,3.18,0,0
433755,1085401,2026,24254,1.0,0.0,0.0,6.38,12.0,0.0,0.0,0.0,,2.0,100.0,11.0,0.0,3.0,0.0,0.0,,0,0
441167,306168,2026,24254,1.0,0.0,0.0,7.04,90.0,0.0,0.0,2.0,50.0,1.0,20.0,42.0,0.0,6.0,0.0,1.0,1.38,0,0
486080,1225995,2026,24254,2.0,0.0,0.0,6.06,180.0,0.0,0.0,0.0,,5.0,33.3,85.0,0.0,9.0,1.0,4.0,3.68,0,0
472908,307317,2026,24254,2.0,0.0,1.0,7.32,180.0,6.0,2.0,3.0,66.7,5.0,38.5,94.0,1.0,8.0,1.0,3.0,3.68,0,0
514334,1288146,2026,24254,1.0,0.0,0.0,5.66,90.0,0.0,0.0,0.0,,2.0,25.0,43.0,1.0,6.0,1.0,1.0,2.3,0,0
441170,798029,2026,24254,2.0,1.0,0.0,7.57,180.0,2.0,1.0,1.0,100.0,18.0,64.3,131.0,5.0,15.0,7.0,6.0,3.68,1,0
358003,196311,2026,24254,1.0,0.0,0.0,7.0,55.0,0.0,0.0,2.0,100.0,4.0,80.0,32.0,1.0,4.0,1.0,0.0,0.25,0,0
433754,969870,2026,24254,2.0,0.0,0.0,5.89,93.0,0.0,0.0,2.0,0.0,3.0,23.1,33.0,2.0,2.0,1.0,3.0,1.0,0,0
401481,540097,2026,24254,2.0,0.0,0.0,6.06,154.0,0.0,0.0,0.0,,5.0,31.2,45.0,5.0,2.0,0.0,0.0,2.93,0,0
486081,1151313,2026,24254,1.0,0.0,0.0,7.03,78.0,0.0,0.0,1.0,100.0,4.0,66.7,34.0,0.0,4.0,1.0,2.0,0.31,0,0
484003,988769,2026,24254,1.0,0.0,0.0,,6.0,1.0,0.0,0.0,,0.0,0.0,2.0,1.0,0.0,0.0,1.0,,0,0
486082,1037539,2026,24254,2.0,0.0,0.0,6.52,99.0,1.0,0.0,3.0,66.7,7.0,53.8,51.0,3.0,5.0,2.0,2.0,2.69,0,0
484011,791682,2026,24254,2.0,0.0,0.0,6.55,87.0,1.0,0.0,2.0,50.0,5.0,50.0,44.0,0.0,5.0,3.0,1.0,2.67,0,0
433668,806551,2026,24254,2.0,1.0,0.0,6.76,93.0,1.0,0.0,0.0,,2.0,28.6,54.0,6.0,3.0,1.0,0.0,1.0,0,0
483961,523217,2026,24254,1.0,0.0,0.0,5.88,26.0,0.0,0.0,0.0,,5.0,45.5,11.0,0.0,0.0,0.0,2.0,,0,0
441166,249063,2026,24254,2.0,0.0,0.0,6.58,125.0,0.0,0.0,2.0,100.0,5.0,62.5,67.0,2.0,6.0,0.0,0.0,3.43,0,0
404885,524437,2026,24254,2.0,0.0,0.0,6.16,113.0,0.0,0.0,1.0,0.0,4.0,36.4,56.0,1.0,6.0,1.0,2.0,3.41,0,0
523097,1478281,2026,24254,2.0,0.0,1.0,7.05,139.0,2.0,1.0,2.0,100.0,6.0,46.2,86.0,0.0,5.0,1.0,0.0,2.48,0,0
448107,764018,2026,24254,2.0,0.0,0.0,7.0,180.0,0.0,0.0,0.0,,2.0,100.0,70.0,0.0,2.0,0.0,0.0,0.73,0,0
493221,759817,2026,24254,1.0,0.0,0.0,,1.0,0.0,0.0,0.0,,0.0,0.0,9.0,0.0,0.0,0.0,0.0,,0,0
356412,275034,2026,24254,1.0,0.0,0.0,6.73,86.0,0.0,0.0,0.0,,0.0,0.0,45.0,3.0,5.0,0.0,1.0,0.16,0,0
398509,517346,2026,24254,2.0,0.0,0.0,7.36,180.0,2.0,0.0,0.0,,6.0,60.0,186.0,5.0,12.0,0.0,3.0,0.83,1,0
405178,521318,2026,24254,2.0,0.0,0.0,7.62,180.0,3.0,0.0,0.0,,10.0,66.7,206.0,2.0,13.0,4.0,0.0,0.83,0,0
401448,598355,2026,24254,1.0,0.0,0.0,7.45,90.0,0.0,0.0,2.0,50.0,6.0,60.0,84.0,4.0,5.0,3.0,1.0,0.6,1,0
393480,527103,2026,24254,2.0,1.0,1.0,7.71,179.0,7.0,3.0,1.0,100.0,7.0,43.8,46.0,17.0,1.0,1.0,3.0,0.77,0,0
402021,201704,2026,24254,2.0,0.0,0.0,7.2,179.0,2.0,0.0,2.0,50.0,6.0,37.5,144.0,6.0,4.0,3.0,2.0,0.72,0,0
502727,1520063,2026,24254,2.0,2.0,0.0,7.24,44.0,1.0,1.0,6.0,16.7,1.0,9.1,38.0,5.0,0.0,0.0,1.0,,0,0
311558,207236,2026,24254,2.0,1.0,0.0,7.92,180.0,3.0,0.0,0.0,,4.0,57.1,195.0,1.0,4.0,2.0,1.0,0.83,0,0
448114,1022649,2026,24254,2.0,0.0,0.0,7.3,136.0,1.0,0.0,7.0,71.4,13.0,65.0,84.0,19.0,2.0,1.0,1.0,0.63,0,0
313559,115591,2026,24254,2.0,0.0,0.0,7.54,179.0,2.0,1.0,0.0,,6.0,60.0,153.0,0.0,7.0,3.0,3.0,0.72,0,0
448120,1163219,2026,24254,1.0,0.0,0.0,,1.0,0.0,0.0,0.0,,0.0,0.0,11.0,0.0,0.0,0.0,0.0,,0,0
411226,707970,2026,24254,1.0,0.0,0.0,6.69,19.0,0.0,0.0,0.0,,1.0,50.0,10.0,1.0,0.0,0.0,0.0,,0,0
448131,860752,2026,24254,2.0,1.0,1.0,8.15,98.0,6.0,1.0,3.0,66.7,9.0,75.0,77.0,7.0,2.0,2.0,1.0,0.55,0,0
433147,792756,2026,24254,2.0,0.0,0.0,7.21,136.0,4.0,0.0,1.0,100.0,7.0,70.0,91.0,3.0,8.0,4.0,1.0,0.63,0,0
448103,1161211,2026,24254,2.0,0.0,0.0,6.64,96.0,2.0,2.0,1.0,0.0,5.0,55.6,54.0,3.0,4.0,3.0,0.0,0.3,0,0
448112,1067168,2026,24254,1.0,0.0,0.0,6.6,11.0,1.0,0.0,2.0,50.0,4.0,80.0,13.0,0.0,1.0,1.0,0.0,,0,0
510908,1270002,2026,24254,1.0,0.0,0.0,,4.0,0.0,0.0,0.0,,1.0,100.0,10.0,0.0,0.0,0.0,0.0,,0,0
448104,726956,2026,24254,1.0,0.0,0.0,,1.0,0.0,0.0,0.0,,1.0,100.0,3.0,1.0,0.0,0.0,0.0,,0,0
411301,760746,2026,24254,2.0,0.0,0.0,7.34,180.0,0.0,0.0,0.0,,1.0,100.0,84.0,0.0,2.0,1.0,0.0,0.71,0,0
442428,1002039,2026,24254,1.0,0.0,0.0,7.28,75.0,2.0,1.0,0.0,,5.0,71.4,53.0,0.0,4.0,0.0,2.0,0.55,1,0
401339,357880,2026,24254,2.0,0.0,0.0,6.99,180.0,3.0,1.0,1.0,100.0,3.0,30.0,137.0,0.0,7.0,1.0,3.0,2.04,1,0
433787,843099,2026,24254,2.0,0.0,0.0,6.66,180.0,1.0,0.0,6.0,50.0,6.0,40.0,91.0,7.0,4.0,1.0,2.0,2.04,0,0
359634,202180,2026,24254,2.0,0.0,0.0,6.66,180.0,0.0,0.0,0.0,,5.0,45.5,122.0,1.0,13.0,1.0,1.0,2.04,0,0
401712,582499,2026,24254,1.0,0.0,0.0,6.71,60.0,0.0,0.0,0.0,,4.0,66.7,28.0,3.0,7.0,3.0,2.0,0.84,0,0
401334,356406,2026,24254,2.0,1.0,0.0,6.98,172.0,2.0,0.0,1.0,100.0,10.0,62.5,55.0,4.0,0.0,0.0,2.0,1.51,0,0
430098,768635,2026,24254,2.0,0.0,0.0,6.05,34.0,0.0,0.0,0.0,,4.0,40.0,20.0,2.0,3.0,1.0,2.0,,0,0
433191,599353,2026,24254,2.0,0.0,0.0,6.21,146.0,1.0,0.0,0.0,,6.0,37.5,28.0,3.0,2.0,1.0,4.0,1.4,0,0
430097,439369,2026,24254,2.0,0.0,0.0,6.14,86.0,0.0,0.0,1.0,0.0,4.0,33.3,54.0,2.0,8.0,4.0,1.0,1.34,0,0
430147,640642,2026,24254,2.0,0.0,0.0,6.76,180.0,0.0,0.0,0.0,,5.0,83.3,144.0,1.0,8.0,2.0,0.0,2.04,0,0
442433,776159,2026,24254,1.0,0.0,0.0,,1.0,0.0,0.0,0.0,,2.0,100.0,2.0,1.0,0.0,0.0,0.0,,0,0
485131,1324871,2026,24254,2.0,0.0,0.0,6.54,105.0,2.0,0.0,8.0,50.0,6.0,42.9,57.0,8.0,1.0,1.0,2.0,0.71,0,0
442434,888921,2026,24254,2.0,0.0,0.0,7.18,180.0,0.0,0.0,1.0,0.0,20.0,71.4,148.0,0.0,14.0,8.0,3.0,2.04,0,0
484045,317544,2026,24254,1.0,0.0,0.0,6.78,83.0,0.0,0.0,0.0,,11.0,64.7,28.0,7.0,4.0,4.0,4.0,0.66,0,0
433694,1112684,2026,24254,2.0,0.0,0.0,6.35,104.0,0.0,0.0,1.0,0.0,2.0,40.0,55.0,0.0,8.0,1.0,1.0,1.34,0,0
484051,190851,2026,24254,2.0,0.0,0.0,6.39,26.0,1.0,0.0,0.0,,3.0,60.0,24.0,0.0,4.0,3.0,1.0,,1,0
337389,668422,2026,24254,1.0,0.0,0.0,,1.0,0.0,0.0,0.0,,0.0,0.0,6.0,0.0,0.0,0.0,1.0,,0,0
520217,1558461,2026,24254,1.0,0.0,0.0,,7.0,0.0,0.0,0.0,,0.0,0.0,4.0,2.0,0.0,0.0,1.0,,1,0
433072,867225,2026,24254,1.0,0.0,0.0,6.42,81.0,0.0,0.0,0.0,,3.0,60.0,44.0,1.0,3.0,1.0,1.0,1.18,0,0
441179,823078,2026,24254,2.0,0.0,0.0,6.82,180.0,1.0,1.0,4.0,0.0,13.0,46.4,165.0,11.0,19.0,1.0,2.0,1.5,0,0
389907,738064,2026,24254,1.0,0.0,0.0,,9.0,0.0,0.0,0.0,,1.0,100.0,18.0,0.0,0.0,0.0,0.0,,0,0
433118,935409,2026,24254,2.0,0.0,0.0,6.88,66.0,3.0,0.0,0.0,,4.0,57.1,63.0,4.0,2.0,1.0,0.0,1.27,0,0
441188,1117570,2026,24254,2.0,0.0,0.0,6.04,130.0,3.0,0.0,1.0,0.0,4.0,44.4,28.0,12.0,1.0,1.0,0.0,1.29,0,0
484087,1253890,2026,24254,2.0,0.0,0.0,7.26,180.0,5.0,1.0,5.0,20.0,12.0,50.0,204.0,10.0,5.0,2.0,0.0,1.5,0,0
495347,1406300,2026,24254,2.0,0.0,0.0,5.84,35.0,0.0,0.0,0.0,,0.0,0.0,5.0,3.0,1.0,0.0,2.0,,0,0
369304,304733,2026,24254,2.0,0.0,0.0,7.52,180.0,7.0,1.0,0.0,,7.0,43.8,228.0,3.0,9.0,4.0,2.0,1.5,0,0
484112,1412132,2026,24254,2.0,0.0,0.0,7.31,135.0,5.0,1.0,9.0,55.6,10.0,47.6,143.0,20.0,5.0,2.0,1.0,0.51,0,0
484065,1041660,2026,24254,1.0,0.0,0.0,6.43,20.0,1.0,0.0,1.0,100.0,1.0,16.7,18.0,1.0,2.0,0.0,2.0,,1,0
484082,291399,2026,24254,2.0,0.0,0.0,7.5,176.0,2.0,0.0,2.0,100.0,15.0,53.6,234.0,1.0,18.0,4.0,1.0,1.39,0,0
484092,1183589,2026,24254,2.0,0.0,0.0,6.96,141.0,0.0,0.0,4.0,75.0,12.0,57.1,150.0,7.0,16.0,7.0,2.0,1.29,0,0
430120,904098,2026,24254,2.0,0.0,0.0,7.66,99.0,3.0,0.0,1.0,100.0,9.0,69.2,100.0,10.0,6.0,3.0,1.0,0.32,0,0
406231,845991,2026,24254,2.0,0.0,0.0,6.29,88.0,2.0,0.0,4.0,25.0,2.0,28.6,62.0,4.0,0.0,0.0,2.0,0.14,1,0
484113,774448,2026,24254,2.0,0.0,0.0,7.32,160.0,9.0,1.0,1.0,0.0,7.0,50.0,203.0,6.0,8.0,2.0,0.0,1.39,0,0
484139,890232,2026,24254,2.0,0.0,0.0,5.9,90.0,1.0,1.0,6.0,50.0,4.0,33.3,51.0,7.0,1.0,1.0,2.0,1.2,0,0
441181,603669,2026,24254,2.0,0.0,0.0,6.12,180.0,0.0,0.0,0.0,,0.0,,62.0,0.0,4.0,0.0,0.0,1.29,0,0
486074,1367924,2026,24254,1.0,0.0,0.0,7.2,30.0,4.0,0.0,3.0,33.3,2.0,50.0,27.0,1.0,0.0,0.0,0.0,,0,0
441236,146801,2026,24254,2.0,0.0,0.0,7.26,180.0,0.0,0.0,0.0,,0.0,,65.0,0.0,0.0,0.0,0.0,2.1,0,0
424031,1137667,2026,24254,2.0,0.0,0.0,7.18,180.0,2.0,1.0,1.0,100.0,18.0,62.1,144.0,5.0,16.0,8.0,1.0,2.02,0,0
463465,1354085,2026,24254,1.0,0.0,0.0,6.93,90.0,0.0,0.0,0.0,,5.0,62.5,78.0,2.0,11.0,2.0,0.0,1.52,0,0
419005,950396,2026,24254,1.0,0.0,0.0,6.64,45.0,0.0,0.0,0.0,,1.0,33.3,39.0,1.0,1.0,1.0,1.0,,1,0
448290,1137670,2026,24254,2.0,0.0,0.0,7.1,180.0,0.0,0.0,0.0,,10.0,66.7,177.0,1.0,17.0,3.0,2.0,2.02,0,0
389782,688278,2026,24254,1.0,0.0,0.0,6.26,70.0,1.0,0.0,0.0,,3.0,33.3,66.0,2.0,3.0,3.0,2.0,0.47,0,0
405920,845368,2026,24254,2.0,0.0,0.0,7.13,151.0,4.0,2.0,3.0,66.7,4.0,44.4,96.0,6.0,4.0,2.0,0.0,1.74,0,0
448310,1421270,2026,24254,2.0,0.0,0.0,6.4,58.0,3.0,0.0,0.0,,5.0,33.3,29.0,9.0,2.0,1.0,0.0,,0,0
373400,195927,2026,24254,2.0,0.0,0.0,6.54,167.0,0.0,0.0,1.0,0.0,8.0,47.1,51.0,13.0,1.0,1.0,2.0,1.74,0,0
463468,1274400,2026,24254,1.0,0.0,0.0,6.56,56.0,0.0,0.0,2.0,0.0,1.0,25.0,25.0,3.0,2.0,0.0,0.0,,0,0
424036,1108611,2026,24254,2.0,0.0,0.0,7.7,180.0,7.0,1.0,1.0,0.0,9.0,45.0,197.0,1.0,9.0,5.0,1.0,3.38,0,0
402985,766159,2026,24254,1.0,0.0,0.0,,1.0,0.0,0.0,0.0,,0.0,,2.0,0.0,0.0,0.0,0.0,,0,0
402974,848593,2026,24254,2.0,0.0,0.0,6.04,35.0,0.0,0.0,2.0,50.0,2.0,40.0,31.0,1.0,1.0,0.0,0.0,,0,0
419020,980311,2026,24254,2.0,0.0,0.0,7.48,180.0,6.0,0.0,6.0,66.7,10.0,40.0,135.0,11.0,6.0,5.0,1.0,,0,0
448312,1287010,2026,24254,2.0,0.0,0.0,6.4,54.0,1.0,0.0,4.0,50.0,4.0,36.4,41.0,2.0,2.0,1.0,1.0,,0,0
389784,832171,2026,24254,2.0,0.0,0.0,7.22,145.0,1.0,0.0,0.0,,6.0,42.9,139.0,0.0,14.0,4.0,4.0,,0,0
428885,1137668,2026,24254,2.0,0.0,0.0,7.6,180.0,7.0,1.0,3.0,33.3,9.0,47.4,206.0,2.0,9.0,4.0,3.0,2.02,0,0
419003,1032039,2026,24254,1.0,0.0,0.0,5.75,28.0,0.0,0.0,0.0,,0.0,0.0,12.0,0.0,0.0,0.0,2.0,,1,0
520245,1718458,2026,24254,1.0,0.0,0.0,1.9,90.0,0.0,0.0,0.0,,0.0,0.0,28.0,0.0,3.0,0.0,0.0,2.12,0,0
433362,566187,2026,24254,2.0,0.0,0.0,5.66,179.0,0.0,0.0,3.0,66.7,13.0,54.2,82.0,1.0,10.0,6.0,4.0,3.46,0,0
433380,846392,2026,24254,2.0,0.0,0.0,5.26,180.0,0.0,0.0,0.0,,6.0,60.0,111.0,1.0,16.0,2.0,1.0,3.46,0,0
433367,1160097,2026,24254,2.0,1.0,0.0,5.92,180.0,1.0,0.0,0.0,,8.0,80.0,123.0,5.0,12.0,4.0,0.0,3.46,0,0
411653,771686,2026,24254,1.0,0.0,0.0,5.92,45.0,0.0,0.0,0.0,,0.0,0.0,29.0,0.0,8.0,0.0,1.0,1.14,0,0
448662,1015128,2026,24254,2.0,0.0,0.0,6.18,19.0,0.0,0.0,0.0,,2.0,66.7,11.0,0.0,1.0,1.0,0.0,,0,0
482885,1285773,2026,24254,2.0,0.0,0.0,5.91,117.0,0.0,0.0,5.0,20.0,5.0,31.2,53.0,4.0,1.0,1.0,1.0,2.14,0,0
433378,1113785,2026,24254,2.0,0.0,1.0,7.06,180.0,3.0,0.0,3.0,66.7,19.0,65.5,125.0,0.0,6.0,6.0,3.0,3.46,0,0
464484,1244924,2026,24254,1.0,0.0,0.0,5.97,52.0,0.0,0.0,2.0,0.0,2.0,25.0,24.0,1.0,1.0,0.0,0.0,,0,0
336459,304348,2026,24254,2.0,0.0,0.0,5.74,84.0,0.0,0.0,0.0,,2.0,50.0,32.0,1.0,4.0,2.0,1.0,1.0,1,0
479781,1131896,2026,24254,1.0,0.0,0.0,6.48,18.0,0.0,0.0,0.0,,2.0,100.0,12.0,0.0,2.0,2.0,0.0,,0,0
433365,982855,2026,24254,1.0,0.0,0.0,4.86,90.0,0.0,0.0,0.0,,1.0,100.0,28.0,0.0,2.0,0.0,0.0,2.73,0,0
411658,574642,2026,24254,2.0,0.0,0.0,5.62,161.0,0.0,0.0,1.0,0.0,3.0,50.0,91.0,0.0,9.0,3.0,0.0,3.13,0,0
494375,845336,2026,24254,2.0,0.0,0.0,5.77,32.0,0.0,0.0,0.0,,3.0,37.5,12.0,2.0,0.0,0.0,0.0,,0,0
419189,789596,2026,24254,2.0,0.0,0.0,5.94,162.0,0.0,0.0,5.0,80.0,7.0,38.9,78.0,0.0,7.0,2.0,4.0,3.13,0,0
425607,1131928,2026,24254,2.0,0.0,0.0,6.38,135.0,0.0,0.0,0.0,,9.0,69.2,107.0,0.0,16.0,8.0,0.0,2.32,0,0
433361,1055316,2026,24254,2.0,0.0,0.0,6.54,174.0,1.0,0.0,2.0,0.0,7.0,53.8,86.0,2.0,4.0,2.0,0.0,3.13,0,0
504502,921919,2026,24254,2.0,0.0,0.0,5.66,82.0,0.0,0.0,2.0,0.0,0.0,0.0,24.0,1.0,0.0,0.0,1.0,1.52,0,0
419108,1020026,2026,24254,2.0,0.0,0.0,6.69,180.0,0.0,0.0,0.0,,9.0,50.0,169.0,5.0,10.0,1.0,2.0,,0,0
441623,1035614,2026,24254,2.0,0.0,0.0,6.64,142.0,1.0,0.0,3.0,33.3,2.0,16.7,142.0,2.0,4.0,0.0,1.0,1.15,0,0
386538,620618,2026,24254,2.0,0.0,0.0,8.09,180.0,2.0,0.0,4.0,100.0,14.0,56.0,171.0,3.0,11.0,3.0,4.0,1.54,1,0
402898,751198,2026,24254,2.0,0.0,0.0,6.88,38.0,4.0,0.0,0.0,,3.0,100.0,49.0,3.0,1.0,1.0,0.0,,0,0
402884,743533,2026,24254,2.0,0.0,0.0,6.96,180.0,0.0,0.0,4.0,100.0,5.0,41.7,145.0,12.0,3.0,1.0,1.0,1.54,0,0
419126,950561,2026,24254,2.0,0.0,0.0,6.31,65.0,1.0,0.0,2.0,50.0,4.0,40.0,17.0,3.0,3.0,2.0,1.0,0.93,0,0
368660,465614,2026,24254,2.0,0.0,0.0,7.03,180.0,2.0,0.0,0.0,,9.0,81.8,148.0,3.0,9.0,2.0,1.0,,0,0
402876,840212,2026,24254,2.0,1.0,0.0,7.21,135.0,2.0,0.0,4.0,25.0,9.0,42.9,92.0,7.0,8.0,6.0,4.0,,0,0
402893,729093,2026,24254,2.0,0.0,0.0,6.84,180.0,5.0,1.0,3.0,33.3,12.0,54.5,212.0,4.0,12.0,2.0,1.0,1.54,1,0
402895,840184,2026,24254,1.0,0.0,0.0,6.36,45.0,1.0,0.0,1.0,0.0,2.0,40.0,41.0,0.0,0.0,0.0,0.0,,0,0
419132,941660,2026,24254,1.0,0.0,0.0,,18.0,2.0,0.0,2.0,50.0,2.0,50.0,36.0,4.0,0.0,0.0,0.0,,0,0
332897,401095,2026,24254,1.0,0.0,0.0,,1.0,0.0,0.0,0.0,,0.0,0.0,1.0,1.0,0.0,0.0,0.0,,0,0
419100,1031656,2026,24254,2.0,2.0,1.0,8.19,162.0,8.0,1.0,4.0,25.0,7.0,38.9,71.0,14.0,2.0,1.0,2.0,1.26,0,0
477536,1032811,2026,24254,2.0,0.0,0.0,6.78,159.0,0.0,0.0,2.0,50.0,10.0,62.5,44.0,11.0,1.0,0.0,0.0,1.21,0,0
229498,56829,2026,24254,2.0,0.0,0.0,5.06,180.0,0.0,0.0,0.0,,0.0,0.0,63.0,0.0,2.0,0.0,0.0,1.91,0,0
419134,1053963,2026,24254,2.0,0.0,0.0,6.45,135.0,3.0,0.0,1.0,0.0,1.0,20.0,111.0,3.0,3.0,0.0,0.0,,0,0
368535,315201,2026,24254,2.0,0.0,0.0,5.82,180.0,1.0,0.0,0.0,,1.0,33.3,85.0,0.0,0.0,0.0,0.0,4.27,0,0
331463,324305,2026,24254,1.0,0.0,0.0,6.3,163.0,1.0,1.0,0.0,,5.0,45.5,90.0,0.0,8.0,3.0,2.0,,0,0
440748,825593,2026,24254,1.0,0.0,0.0,,5.0,0.0,0.0,0.0,,0.0,0.0,11.0,0.0,0.0,0.0,0.0,,0,0
482775,1524716,2026,24254,2.0,0.0,0.0,,6.0,0.0,0.0,1.0,100.0,5.0,62.5,17.0,3.0,1.0,1.0,1.0,,0,0
261367,128949,2026,24254,2.0,0.0,0.0,5.99,180.0,0.0,0.0,1.0,0.0,5.0,38.5,139.0,2.0,17.0,1.0,1.0,,0,0
390181,848345,2026,24254,2.0,0.0,0.0,6.42,180.0,1.0,0.0,2.0,100.0,9.0,60.0,127.0,0.0,11.0,5.0,3.0,,0,0
423595,1209597,2026,24254,2.0,0.0,0.0,6.28,179.0,3.0,2.0,3.0,33.3,5.0,29.4,144.0,2.0,14.0,2.0,2.0,3.37,0,0
274078,169719,2026,24254,2.0,0.0,2.0,7.14,180.0,5.0,2.0,1.0,0.0,11.0,40.7,77.0,10.0,1.0,0.0,1.0,3.37,0,0
390209,724531,2026,24254,2.0,0.0,0.0,6.32,165.0,1.0,0.0,5.0,40.0,6.0,30.0,104.0,3.0,3.0,1.0,2.0,3.07,1,0
405454,1053736,2026,24254,2.0,2.0,0.0,7.82,175.0,1.0,0.0,5.0,40.0,9.0,47.4,91.0,4.0,7.0,4.0,2.0,3.26,0,0
405469,919671,2026,24254,2.0,0.0,0.0,6.57,144.0,2.0,0.0,3.0,66.7,9.0,69.2,84.0,2.0,9.0,3.0,1.0,2.74,0,0
463580,1325761,2026,24254,2.0,1.0,0.0,7.03,180.0,1.0,0.0,0.0,,5.0,41.7,133.0,3.0,23.0,2.0,3.0,,0,0
423575,1257745,2026,24254,2.0,0.0,0.0,6.04,46.0,0.0,0.0,1.0,0.0,1.0,33.3,24.0,2.0,0.0,0.0,0.0,,0,0
390196,848352,2026,24254,2.0,0.0,0.0,6.68,134.0,0.0,0.0,2.0,100.0,8.0,53.3,84.0,4.0,4.0,1.0,2.0,2.58,1,0
416652,1460327,2026,24254,1.0,0.0,0.0,6.32,15.0,1.0,0.0,1.0,100.0,1.0,50.0,7.0,2.0,0.0,0.0,0.0,,0,0
336641,496356,2026,24254,2.0,0.0,0.0,6.1,36.0,0.0,0.0,2.0,0.0,4.0,36.4,25.0,1.0,3.0,1.0,2.0,,0,0
419567,1013276,2026,24254,1.0,0.0,0.0,6.29,12.0,0.0,0.0,0.0,,2.0,50.0,14.0,0.0,2.0,1.0,0.0,,0,0
373235,73409,2026,24254,1.0,0.0,0.0,6.49,90.0,0.0,0.0,0.0,,0.0,,35.0,0.0,1.0,0.0,0.0,0.6,0,0
483516,552718,2026,24254,1.0,0.0,0.0,7.21,90.0,0.0,0.0,0.0,,7.0,70.0,80.0,0.0,11.0,1.0,0.0,0.8,0,0
419672,740944,2026,24254,1.0,1.0,0.0,7.34,17.0,0.0,0.0,0.0,,1.0,100.0,22.0,2.0,0.0,0.0,0.0,,0,0
483505,1049679,2026,24254,1.0,0.0,1.0,7.3,73.0,1.0,1.0,1.0,0.0,3.0,33.3,56.0,1.0,2.0,1.0,3.0,0.8,0,0
483442,530635,2026,24254,1.0,0.0,0.0,,9.0,0.0,0.0,0.0,,1.0,50.0,13.0,0.0,1.0,1.0,0.0,,0,0
398588,440330,2026,24254,1.0,0.0,0.0,6.35,73.0,1.0,0.0,3.0,0.0,3.0,27.3,27.0,4.0,0.0,0.0,3.0,0.8,0,0
404645,540963,2026,24254,1.0,0.0,0.0,7.65,90.0,0.0,0.0,1.0,100.0,3.0,50.0,94.0,0.0,3.0,1.0,1.0,0.8,0,0
419652,737066,2026,24254,1.0,2.0,0.0,9.17,90.0,1.0,0.0,1.0,100.0,7.0,77.8,20.0,7.0,1.0,0.0,2.0,0.8,0,0
400716,534670,2026,24254,1.0,0.0,1.0,7.45,81.0,1.0,1.0,2.0,0.0,3.0,42.9,55.0,3.0,2.0,2.0,1.0,0.8,0,0
483497,310768,2026,24254,1.0,0.0,0.0,6.77,73.0,0.0,0.0,0.0,,4.0,50.0,38.0,0.0,4.0,2.0,0.0,0.8,0,0
491244,935550,2026,24254,1.0,0.0,0.0,7.22,90.0,0.0,0.0,0.0,,3.0,75.0,94.0,0.0,7.0,1.0,1.0,0.8,0,0
419681,921921,2026,24254,1.0,0.0,0.0,6.19,17.0,0.0,0.0,0.0,,1.0,33.3,17.0,2.0,2.0,1.0,0.0,,0,0
483448,1248482,2026,24254,1.0,0.0,0.0,6.67,73.0,0.0,0.0,4.0,50.0,6.0,50.0,36.0,3.0,1.0,1.0,0.0,0.8,0,0
494626,1228558,2026,24254,1.0,0.0,0.0,6.11,17.0,1.0,0.0,2.0,0.0,1.0,33.3,11.0,2.0,0.0,0.0,0.0,,0,0
477470,1113790,2026,24254,1.0,0.0,0.0,6.31,17.0,1.0,0.0,0.0,,0.0,0.0,23.0,1.0,0.0,0.0,0.0,,0,0
483496,659272,2026,24254,1.0,0.0,0.0,7.5,90.0,3.0,0.0,3.0,33.3,5.0,38.5,84.0,0.0,6.0,4.0,2.0,0.8,0,0
397894,734654,2026,24254,1.0,0.0,0.0,5.56,90.0,0.0,0.0,0.0,,1.0,100.0,32.0,0.0,1.0,0.0,0.0,1.29,0,0
433527,1312681,2026,24254,1.0,0.0,0.0,6.4,81.0,0.0,0.0,0.0,,1.0,33.3,44.0,0.0,10.0,0.0,1.0,0.57,0,0
431225,852168,2026,24254,1.0,0.0,0.0,6.83,90.0,0.0,0.0,0.0,,6.0,100.0,69.0,0.0,19.0,3.0,0.0,,0,0
431230,1036253,2026,24254,1.0,0.0,1.0,7.89,90.0,2.0,0.0,2.0,50.0,3.0,60.0,60.0,0.0,4.0,2.0,0.0,1.69,0,0
431212,1028896,2026,24254,1.0,1.0,0.0,7.7,90.0,0.0,0.0,5.0,60.0,6.0,42.9,48.0,5.0,1.0,0.0,0.0,1.69,0,0
431211,813055,2026,24254,1.0,0.0,0.0,6.34,88.0,1.0,0.0,6.0,50.0,6.0,37.5,32.0,7.0,2.0,2.0,1.0,0.57,0,0
511875,1823348,2026,24254,1.0,0.0,0.0,6.75,89.0,2.0,0.0,2.0,50.0,4.0,30.8,23.0,2.0,3.0,1.0,0.0,0.57,0,0
396950,674520,2026,24254,1.0,0.0,0.0,,9.0,0.0,0.0,0.0,,1.0,33.3,14.0,0.0,1.0,1.0,0.0,,0,0
489551,1033300,2026,24254,1.0,0.0,0.0,6.27,72.0,0.0,0.0,0.0,,0.0,0.0,43.0,1.0,3.0,0.0,0.0,0.57,0,0
499102,847766,2026,24254,1.0,0.0,0.0,5.94,18.0,0.0,0.0,0.0,,1.0,100.0,20.0,0.0,5.0,1.0,1.0,,0,0
431219,1179369,2026,24254,1.0,0.0,0.0,,9.0,0.0,0.0,0.0,,1.0,100.0,18.0,0.0,3.0,0.0,0.0,1.12,0,0
479389,1247001,2026,24254,1.0,0.0,0.0,7.23,90.0,1.0,0.0,1.0,100.0,4.0,80.0,52.0,2.0,4.0,1.0,1.0,1.69,0,0
433534,1195369,2026,24254,1.0,0.0,0.0,6.94,90.0,1.0,0.0,5.0,80.0,10.0,58.8,45.0,2.0,7.0,4.0,3.0,1.69,0,0
389437,546201,2026,24254,1.0,0.0,0.0,6.51,81.0,2.0,0.0,1.0,0.0,2.0,66.7,36.0,2.0,3.0,0.0,0.0,0.57,0,0
498514,1642793,2026,24254,1.0,0.0,0.0,,1.0,0.0,0.0,1.0,100.0,1.0,100.0,3.0,0.0,0.0,0.0,0.0,,0,0
45191,600844,2026,24254,1.0,0.0,0.0,,2.0,0.0,0.0,1.0,100.0,1.0,100.0,10.0,0.0,2.0,0.0,0.0,,0,0
441242,888966,2026,24254,1.0,0.0,0.0,6.74,89.0,0.0,0.0,1.0,0.0,5.0,50.0,62.0,2.0,5.0,3.0,1.0,0.28,1,0
418715,1223132,2026,24254,1.0,0.0,0.0,6.3,90.0,0.0,0.0,1.0,100.0,2.0,33.3,109.0,0.0,3.0,0.0,1.0,1.25,0,0
395581,727101,2026,24254,1.0,0.0,0.0,6.39,63.0,0.0,0.0,0.0,,5.0,50.0,29.0,3.0,4.0,4.0,1.0,0.1,0,0
411176,940333,2026,24254,1.0,0.0,0.0,5.75,74.0,0.0,0.0,4.0,0.0,1.0,12.5,38.0,2.0,1.0,1.0,0.0,0.28,0,0
372342,574077,2026,24254,1.0,0.0,0.0,6.7,16.0,0.0,0.0,1.0,100.0,1.0,100.0,13.0,2.0,0.0,0.0,0.0,,0,0
400416,526710,2026,24254,1.0,0.0,0.0,6.73,90.0,0.0,0.0,2.0,50.0,4.0,57.1,68.0,0.0,3.0,0.0,0.0,1.25,0,0
480310,688448,2026,24254,1.0,0.0,0.0,7.52,90.0,0.0,0.0,2.0,100.0,10.0,90.9,109.0,2.0,10.0,6.0,1.0,,0,0
418729,1017520,2026,24254,1.0,0.0,0.0,6.16,90.0,2.0,1.0,0.0,,4.0,23.5,70.0,0.0,5.0,4.0,5.0,,1,0
441240,688449,2026,24254,1.0,0.0,0.0,7.06,90.0,0.0,0.0,0.0,,9.0,56.2,118.0,0.0,12.0,5.0,2.0,1.25,0,0
411174,940334,2026,24254,1.0,0.0,0.0,5.94,27.0,0.0,0.0,0.0,,0.0,0.0,4.0,0.0,0.0,0.0,0.0,,0,0
337251,312159,2026,24254,1.0,0.0,0.0,5.66,63.0,0.0,0.0,0.0,,0.0,0.0,13.0,4.0,0.0,0.0,0.0,,0,0
269514,308131,2026,24254,1.0,0.0,0.0,,1.0,0.0,0.0,0.0,,1.0,100.0,11.0,0.0,0.0,0.0,0.0,,0,0
441241,531913,2026,24254,1.0,0.0,0.0,6.53,90.0,1.0,0.0,0.0,,1.0,100.0,35.0,0.0,0.0,0.0,0.0,1.04,0,0
385031,643635,2026,24254,1.0,0.0,0.0,7.34,90.0,3.0,0.0,3.0,33.3,14.0,66.7,79.0,3.0,7.0,6.0,0.0,1.25,0,0
466669,1404414,2026,24254,1.0,0.0,0.0,6.58,27.0,2.0,0.0,0.0,,0.0,0.0,15.0,0.0,2.0,0.0,0.0,,0,0
431200,859282,2026,24254,1.0,1.0,0.0,8.09,90.0,0.0,0.0,0.0,,3.0,60.0,68.0,1.0,8.0,2.0,1.0,1.16,0,0
441622,860913,2026,24254,1.0,0.0,0.0,6.93,90.0,0.0,0.0,0.0,,0.0,0.0,76.0,1.0,2.0,0.0,2.0,1.16,0,0
470759,1434853,2026,24254,1.0,0.0,0.0,,1.0,0.0,0.0,0.0,,1.0,100.0,2.0,0.0,1.0,1.0,0.0,,0,0
473050,1174630,2026,24254,1.0,0.0,0.0,5.96,10.0,0.0,0.0,0.0,,0.0,0.0,9.0,0.0,0.0,0.0,1.0,,0,0
428886,860914,2026,24254,1.0,1.0,1.0,8.94,89.0,2.0,1.0,4.0,50.0,8.0,66.7,47.0,6.0,0.0,0.0,0.0,1.13,0,0
269058,164684,2026,24254,1.0,0.0,0.0,6.66,72.0,0.0,0.0,0.0,,0.0,0.0,64.0,1.0,0.0,0.0,0.0,,0,0
470760,1023030,2026,24254,1.0,0.0,0.0,7.0,89.0,2.0,1.0,2.0,50.0,2.0,28.6,55.0,5.0,1.0,1.0,1.0,,0,0
360642,50207,2026,24254,1.0,0.0,0.0,5.79,90.0,0.0,0.0,0.0,,0.0,,42.0,0.0,0.0,0.0,0.0,1.19,0,0
463902,1331597,2026,24254,1.0,0.0,1.0,7.75,80.0,2.0,1.0,0.0,,1.0,33.3,61.0,1.0,1.0,0.0,2.0,1.01,0,0
395550,466672,2026,24254,1.0,0.0,0.0,7.49,90.0,1.0,0.0,0.0,,5.0,62.5,76.0,4.0,7.0,0.0,2.0,1.16,0,0
394500,474673,2026,24254,1.0,0.0,0.0,6.75,90.0,0.0,0.0,1.0,0.0,3.0,50.0,52.0,1.0,5.0,1.0,1.0,1.16,1,0
418881,852071,2026,24254,1.0,0.0,1.0,6.68,10.0,1.0,1.0,1.0,0.0,1.0,25.0,7.0,0.0,0.0,0.0,0.0,,0,0
405755,837870,2026,24254,1.0,1.0,0.0,7.62,18.0,0.0,0.0,1.0,100.0,3.0,75.0,11.0,2.0,1.0,1.0,0.0,,0,0
386013,643533,2026,24254,1.0,0.0,0.0,7.48,90.0,2.0,0.0,0.0,,3.0,50.0,88.0,2.0,9.0,2.0,1.0,1.16,0,0
428905,792303,2026,24254,1.0,0.0,0.0,7.08,80.0,1.0,0.0,3.0,33.3,5.0,71.4,20.0,3.0,1.0,1.0,0.0,1.01,0,0
492189,1353421,2026,24254,1.0,0.0,0.0,,1.0,0.0,0.0,0.0,,1.0,100.0,2.0,0.0,2.0,1.0,0.0,,0,0
482978,466867,2026,24254,2.0,0.0,0.0,5.9,180.0,0.0,0.0,0.0,,1.0,100.0,87.0,0.0,2.0,0.0,0.0,3.21,0,0
484022,1250485,2026,24254,2.0,0.0,0.0,7.14,170.0,0.0,0.0,1.0,100.0,12.0,70.6,125.0,1.0,39.0,1.0,4.0,1.7,0,1
376230,304345,2026,24254,2.0,0.0,1.0,6.92,174.0,1.0,1.0,2.0,50.0,10.0,55.6,118.0,2.0,18.0,5.0,5.0,3.15,0,0
483966,1415104,2026,24254,2.0,0.0,0.0,6.32,153.0,0.0,0.0,0.0,,5.0,41.7,68.0,1.0,9.0,3.0,3.0,1.63,0,0
482976,958010,2026,24254,2.0,0.0,0.0,6.5,180.0,0.0,0.0,6.0,50.0,13.0,50.0,105.0,1.0,16.0,4.0,4.0,3.3,1,0
489523,1057426,2026,24254,1.0,0.0,0.0,6.85,28.0,0.0,0.0,3.0,33.3,5.0,62.5,26.0,0.0,4.0,2.0,0.0,,0,0
485063,1284492,2026,24254,1.0,0.0,0.0,5.98,28.0,0.0,0.0,3.0,33.3,4.0,30.8,16.0,1.0,1.0,1.0,1.0,,0,0
436743,840241,2026,24254,2.0,0.0,0.0,6.3,176.0,0.0,0.0,3.0,0.0,14.0,45.2,51.0,2.0,8.0,4.0,4.0,2.06,1,0
300409,15403,2026,24254,1.0,0.0,0.0,6.45,64.0,0.0,0.0,0.0,,3.0,42.9,31.0,3.0,3.0,0.0,1.0,0.4,1,0
482974,1179875,2026,24254,2.0,0.0,0.0,6.79,89.0,5.0,0.0,1.0,100.0,2.0,40.0,47.0,0.0,4.0,0.0,2.0,2.5,0,0
372436,541551,2026,24254,2.0,0.0,0.0,6.01,102.0,0.0,0.0,0.0,,3.0,33.3,60.0,0.0,5.0,2.0,4.0,1.08,0,0
494640,1300385,2026,24254,2.0,0.0,0.0,6.24,164.0,0.0,0.0,5.0,20.0,7.0,38.9,60.0,1.0,10.0,2.0,3.0,3.05,0,0
430196,639558,2026,24254,1.0,0.0,0.0,,4.0,0.0,0.0,0.0,,1.0,100.0,5.0,0.0,0.0,0.0,0.0,,0,0
389886,660148,2026,24254,1.0,0.0,0.0,,6.0,0.0,0.0,0.0,,0.0,,5.0,0.0,0.0,0.0,0.0,,0,0
489520,725655,2026,24254,2.0,0.0,0.0,7.12,180.0,0.0,0.0,0.0,,20.0,62.5,108.0,2.0,38.0,8.0,3.0,3.3,1,0
504990,1684401,2026,24254,2.0,0.0,0.0,6.27,105.0,2.0,0.0,4.0,50.0,3.0,30.0,51.0,2.0,3.0,0.0,2.0,1.52,0,0
464566,1346860,2026,24254,2.0,0.0,0.0,6.02,100.0,0.0,0.0,5.0,20.0,3.0,18.8,49.0,2.0,6.0,0.0,1.0,2.65,0,0
519954,1174844,2026,24254,2.0,1.0,0.0,8.01,66.0,0.0,0.0,2.0,0.0,11.0,73.3,33.0,4.0,4.0,1.0,1.0,2.07,1,0
522846,1528815,2026,24254,1.0,1.0,0.0,,1.0,0.0,0.0,0.0,,0.0,0.0,2.0,1.0,0.0,0.0,0.0,,0,0
356956,340020,2026,24254,2.0,0.0,0.0,7.22,180.0,0.0,0.0,0.0,,2.0,100.0,85.0,0.0,3.0,0.0,0.0,1.38,0,0
400721,770881,2026,24254,2.0,0.0,0.0,7.48,180.0,4.0,0.0,6.0,16.7,15.0,48.4,191.0,4.0,9.0,6.0,3.0,1.78,0,0
411680,775539,2026,24254,2.0,0.0,0.0,7.24,170.0,0.0,0.0,3.0,66.7,10.0,52.6,124.0,3.0,13.0,5.0,3.0,1.69,0,0
485760,1561552,2026,24254,2.0,0.0,0.0,7.06,180.0,0.0,0.0,5.0,60.0,10.0,55.6,158.0,0.0,8.0,5.0,2.0,1.78,0,0
494293,1368654,2026,24254,2.0,0.0,0.0,6.05,31.0,1.0,0.0,0.0,,0.0,0.0,21.0,2.0,1.0,0.0,0.0,,0,0
441307,1073143,2026,24254,2.0,0.0,0.0,7.14,154.0,4.0,1.0,11.0,36.4,6.0,42.9,133.0,3.0,4.0,1.0,0.0,1.56,0,0
433426,988749,2026,24254,2.0,0.0,0.0,,7.0,0.0,0.0,0.0,,1.0,33.3,8.0,1.0,2.0,1.0,1.0,,0,0
430740,750027,2026,24254,2.0,0.0,2.0,7.38,149.0,5.0,2.0,8.0,50.0,9.0,40.9,96.0,9.0,0.0,0.0,1.0,1.28,0,0
448598,1180288,2026,24254,2.0,2.0,0.0,7.84,173.0,1.0,1.0,2.0,50.0,6.0,50.0,64.0,5.0,4.0,2.0,2.0,1.41,0,0
403083,696443,2026,24254,2.0,0.0,0.0,6.73,180.0,0.0,0.0,0.0,,6.0,60.0,156.0,0.0,7.0,0.0,1.0,1.78,1,0
505097,1598170,2026,24254,2.0,0.0,0.0,6.24,26.0,2.0,0.0,0.0,,1.0,100.0,36.0,1.0,0.0,0.0,0.0,,0,0
448607,1187506,2026,24254,2.0,0.0,0.0,7.04,180.0,0.0,0.0,2.0,100.0,4.0,100.0,126.0,0.0,9.0,0.0,0.0,1.78,0,0
523288,1680173,2026,24254,2.0,0.0,0.0,6.24,16.0,0.0,0.0,4.0,25.0,2.0,28.6,20.0,2.0,1.0,1.0,1.0,,0,0
448612,1340895,2026,24254,2.0,0.0,0.0,7.36,164.0,3.0,0.0,3.0,66.7,9.0,64.3,94.0,5.0,6.0,5.0,2.0,1.41,0,0
485740,1274060,2026,24254,2.0,0.0,0.0,7.58,180.0,2.0,0.0,2.0,50.0,15.0,53.6,168.0,4.0,16.0,10.0,6.0,1.78,0,0
424071,1050838,2026,24254,1.0,0.0,0.0,5.93,10.0,0.0,0.0,1.0,0.0,0.0,0.0,14.0,0.0,0.0,0.0,0.0,,0,0
395986,253991,2026,24254,2.0,0.0,0.0,6.18,180.0,0.0,0.0,0.0,,0.0,0.0,123.0,0.0,5.0,0.0,0.0,1.81,0,0
403616,848361,2026,24254,2.0,1.0,0.0,7.53,180.0,6.0,0.0,1.0,100.0,10.0,55.6,175.0,1.0,9.0,2.0,3.0,2.47,2,0
494248,1124424,2026,24254,2.0,0.0,0.0,6.37,124.0,0.0,0.0,1.0,0.0,5.0,55.6,58.0,1.0,8.0,5.0,1.0,1.54,1,0
395050,616179,2026,24254,2.0,0.0,0.0,6.9,167.0,2.0,0.0,2.0,0.0,12.0,63.2,111.0,1.0,12.0,9.0,3.0,2.47,0,0
419223,1054166,2026,24254,2.0,0.0,0.0,6.72,103.0,0.0,0.0,2.0,100.0,6.0,85.7,65.0,3.0,3.0,3.0,0.0,1.02,0,0
419211,881500,2026,24254,1.0,0.0,0.0,5.55,56.0,0.0,0.0,1.0,0.0,1.0,14.3,11.0,2.0,0.0,0.0,0.0,0.93,0,0
486161,1471333,2026,24254,1.0,0.0,0.0,6.21,45.0,1.0,0.0,0.0,,0.0,0.0,26.0,2.0,0.0,0.0,2.0,,0,0
395984,303609,2026,24254,1.0,0.0,0.0,4.9,23.0,0.0,0.0,0.0,,0.0,0.0,8.0,0.0,0.0,0.0,1.0,,0,1
463234,1394951,2026,24254,1.0,0.0,0.0,6.81,84.0,0.0,0.0,3.0,66.7,6.0,50.0,37.0,1.0,2.0,1.0,2.0,0.88,0,0
390475,1107735,2026,24254,1.0,0.0,0.0,3.54,49.0,0.0,0.0,0.0,,1.0,12.5,24.0,0.0,3.0,0.0,3.0,0.73,0,1
504199,1719066,2026,24254,2.0,0.0,0.0,6.5,180.0,1.0,0.0,2.0,0.0,10.0,47.6,134.0,0.0,19.0,3.0,1.0,,0,0
481242,1076668,2026,24254,2.0,0.0,0.0,5.64,142.0,0.0,0.0,0.0,,2.0,15.4,35.0,3.0,1.0,0.0,0.0,2.28,0,0
430917,1137059,2026,24254,2.0,0.0,0.0,6.47,38.0,0.0,0.0,1.0,100.0,7.0,63.6,20.0,3.0,1.0,1.0,0.0,,0,0
463221,716819,2026,24254,1.0,0.0,0.0,5.81,90.0,0.0,0.0,0.0,,0.0,0.0,57.0,0.0,2.0,0.0,1.0,1.46,1,0
463218,940010,2026,24254,2.0,0.0,0.0,7.0,180.0,1.0,0.0,0.0,,11.0,61.1,119.0,2.0,14.0,7.0,3.0,2.47,0,0
506039,1600334,2026,24254,2.0,0.0,0.0,6.79,180.0,1.0,0.0,2.0,50.0,7.0,63.6,155.0,0.0,16.0,3.0,0.0,2.47,0,0
463236,1178629,2026,24254,2.0,0.0,0.0,6.26,106.0,1.0,0.0,1.0,100.0,1.0,33.3,47.0,0.0,3.0,0.0,0.0,1.35,0,0
506038,1451566,2026,24254,1.0,0.0,0.0,,6.0,0.0,0.0,3.0,33.3,1.0,20.0,10.0,3.0,1.0,0.0,1.0,,0,0
390650,150242,2026,24254,2.0,0.0,0.0,6.68,180.0,0.0,0.0,0.0,,0.0,,95.0,0.0,3.0,0.0,0.0,7.51,0,0
431698,708738,2026,24254,1.0,0.0,0.0,7.33,90.0,1.0,0.0,0.0,,4.0,57.1,32.0,0.0,9.0,3.0,2.0,2.84,1,0
466361,924844,2026,24254,1.0,0.0,0.0,6.32,14.0,0.0,0.0,0.0,,3.0,100.0,6.0,0.0,3.0,1.0,0.0,,0,0
466350,671327,2026,24254,2.0,0.0,0.0,6.08,180.0,0.0,0.0,0.0,,6.0,75.0,85.0,1.0,19.0,6.0,1.0,7.05,0,0
466359,938524,2026,24254,1.0,0.0,0.0,,6.0,0.0,0.0,0.0,,0.0,,4.0,0.0,2.0,0.0,0.0,,0,0
466317,614574,2026,24254,2.0,0.0,0.0,7.2,165.0,3.0,0.0,11.0,36.4,12.0,36.4,102.0,5.0,11.0,4.0,3.0,6.86,1,0
494989,1243246,2026,24254,2.0,1.0,0.0,7.03,174.0,2.0,0.0,4.0,50.0,4.0,33.3,83.0,2.0,11.0,0.0,3.0,6.91,1,0
407680,289441,2026,24254,2.0,0.0,0.0,5.96,148.0,0.0,0.0,1.0,0.0,9.0,42.9,55.0,4.0,2.0,0.0,2.0,,0,0
466340,183500,2026,24254,2.0,0.0,0.0,6.36,180.0,2.0,0.0,4.0,50.0,11.0,52.4,116.0,4.0,12.0,4.0,3.0,7.05,1,0
424047,1210947,2026,24254,1.0,0.0,0.0,6.4,45.0,1.0,0.0,1.0,0.0,1.0,33.3,29.0,0.0,1.0,1.0,0.0,,0,0
424056,1050160,2026,24254,1.0,0.0,0.0,6.63,45.0,2.0,0.0,0.0,,1.0,50.0,15.0,0.0,3.0,1.0,0.0,2.45,0,0
466352,643232,2026,24254,1.0,0.0,0.0,6.08,15.0,0.0,0.0,0.0,,0.0,0.0,5.0,0.0,2.0,0.0,0.0,,0,0
466363,1180784,2026,24254,2.0,0.0,0.0,5.86,39.0,0.0,0.0,2.0,0.0,0.0,0.0,16.0,2.0,0.0,0.0,0.0,,0,0
511141,794244,2026,24254,2.0,0.0,0.0,6.29,180.0,0.0,0.0,2.0,50.0,9.0,64.3,82.0,0.0,20.0,3.0,0.0,7.05,0,0
466372,380942,2026,24254,2.0,0.0,0.0,,14.0,0.0,0.0,0.0,,5.0,50.0,15.0,0.0,1.0,1.0,2.0,,1,0
401023,389845,2026,24254,1.0,0.0,0.0,7.82,90.0,1.0,0.0,2.0,50.0,7.0,70.0,56.0,1.0,9.0,5.0,0.0,2.84,0,0
485347,751066,2026,24254,2.0,0.0,0.0,7.15,159.0,2.0,0.0,11.0,81.8,21.0,67.7,74.0,2.0,0.0,0.0,2.0,6.65,0,0
398569,467479,2026,24254,1.0,0.0,0.0,4.1,90.0,0.0,0.0,0.0,,1.0,33.3,46.0,0.0,8.0,1.0,2.0,4.22,0,0
506471,1335315,2026,24254,2.0,0.0,0.0,5.85,166.0,1.0,0.0,4.0,50.0,8.0,50.0,67.0,1.0,9.0,3.0,1.0,6.86,0,0
405530,1053679,2026,24254,2.0,0.0,0.0,7.04,180.0,0.0,0.0,0.0,,1.0,100.0,54.0,0.0,1.0,0.0,0.0,2.16,0,0
405528,924610,2026,24254,2.0,0.0,0.0,6.4,31.0,1.0,0.0,0.0,,2.0,100.0,39.0,3.0,1.0,0.0,0.0,,0,0
390541,523731,2026,24254,1.0,0.0,0.0,6.65,90.0,0.0,0.0,0.0,,1.0,100.0,62.0,1.0,9.0,0.0,0.0,0.78,0,0
400511,620917,2026,24254,1.0,0.0,1.0,8.26,90.0,2.0,1.0,0.0,,3.0,60.0,101.0,0.0,11.0,1.0,1.0,0.05,0,0
400514,935728,2026,24254,1.0,0.0,0.0,7.48,90.0,0.0,0.0,0.0,,5.0,71.4,85.0,0.0,4.0,4.0,1.0,0.05,0,0
403304,848289,2026,24254,1.0,0.0,1.0,7.19,75.0,1.0,0.0,0.0,,1.0,33.3,24.0,1.0,1.0,0.0,1.0,0.63,0,0
464339,1436730,2026,24254,1.0,0.0,0.0,,6.0,0.0,0.0,0.0,,2.0,100.0,3.0,0.0,1.0,1.0,0.0,,0,0
391646,629805,2026,24254,2.0,0.0,0.0,6.7,149.0,0.0,0.0,3.0,0.0,4.0,44.4,75.0,1.0,6.0,2.0,1.0,0.64,0,0
430407,728765,2026,24254,1.0,0.0,0.0,6.04,66.0,0.0,0.0,2.0,0.0,1.0,14.3,16.0,3.0,3.0,0.0,0.0,0.48,0,0
405522,887704,2026,24254,2.0,1.0,1.0,8.11,169.0,2.0,1.0,3.0,100.0,8.0,66.7,91.0,4.0,7.0,3.0,3.0,0.83,0,0
395321,604044,2026,24254,2.0,1.0,0.0,7.18,114.0,3.0,0.0,9.0,11.1,6.0,31.6,95.0,6.0,3.0,2.0,2.0,0.35,0,0
448557,621515,2026,24254,2.0,2.0,0.0,7.92,163.0,2.0,0.0,3.0,33.3,6.0,42.9,115.0,4.0,6.0,4.0,0.0,0.8,0,0
430401,1023887,2026,24254,1.0,0.0,0.0,6.61,75.0,1.0,0.0,0.0,,5.0,50.0,37.0,1.0,8.0,2.0,0.0,0.63,0,0
485503,1134467,2026,24254,1.0,0.0,0.0,6.14,11.0,0.0,0.0,0.0,,1.0,50.0,8.0,0.0,1.0,1.0,0.0,,0,0
430413,942393,2026,24254,2.0,2.0,1.0,7.88,168.0,3.0,1.0,3.0,66.7,7.0,41.2,43.0,8.0,3.0,1.0,2.0,0.75,0,0
403293,727837,2026,24254,1.0,0.0,1.0,6.75,15.0,1.0,0.0,0.0,,0.0,0.0,3.0,2.0,0.0,0.0,0.0,,0,0
405527,857120,2026,24254,1.0,0.0,0.0,6.6,11.0,1.0,0.0,0.0,,1.0,50.0,15.0,0.0,2.0,0.0,1.0,,0,0
403274,851626,2026,24254,2.0,0.0,0.0,6.74,180.0,1.0,0.0,1.0,0.0,6.0,40.0,150.0,0.0,15.0,3.0,4.0,0.83,0,0
403289,664444,2026,24254,2.0,0.0,0.0,6.9,94.0,0.0,0.0,0.0,,6.0,54.5,109.0,1.0,9.0,2.0,4.0,0.21,0,0
479294,1033111,2026,24254,2.0,0.0,1.0,7.16,180.0,1.0,0.0,0.0,,5.0,33.3,120.0,1.0,6.0,3.0,2.0,0.83,0,0
498455,1337765,2026,24254,1.0,0.0,0.0,6.23,17.0,0.0,0.0,0.0,,0.0,,6.0,0.0,2.0,0.0,0.0,,0,0
520218,1611223,2026,24254,1.0,0.0,0.0,,6.0,0.0,0.0,0.0,,0.0,,2.0,0.0,0.0,0.0,0.0,,0,0
486875,497352,2026,24254,2.0,0.0,0.0,6.1,34.0,0.0,0.0,0.0,,1.0,33.3,21.0,0.0,6.0,0.0,0.0,,0,0
431202,751998,2026,24254,2.0,0.0,0.0,6.52,180.0,1.0,0.0,0.0,,7.0,63.6,67.0,1.0,24.0,0.0,2.0,3.59,0,0
479601,1133495,2026,24254,2.0,0.0,0.0,7.42,160.0,1.0,0.0,5.0,80.0,27.0,65.9,106.0,1.0,29.0,14.0,5.0,2.51,1,0
369749,466214,2026,24254,2.0,0.0,0.0,6.22,180.0,1.0,0.0,1.0,0.0,7.0,43.8,84.0,1.0,12.0,4.0,1.0,,1,0
463125,1132960,2026,24254,1.0,0.0,0.0,6.28,11.0,0.0,0.0,0.0,,1.0,100.0,5.0,0.0,0.0,0.0,0.0,,0,0
463128,1354561,2026,24254,2.0,0.0,0.0,6.58,147.0,0.0,0.0,6.0,50.0,13.0,43.3,84.0,2.0,13.0,4.0,2.0,2.13,1,0
369768,474448,2026,24254,1.0,0.0,0.0,5.74,62.0,1.0,0.0,0.0,,4.0,36.4,17.0,3.0,0.0,0.0,1.0,1.01,0,0
369761,442277,2026,24254,2.0,0.0,0.0,6.5,124.0,2.0,0.0,4.0,75.0,11.0,64.7,54.0,1.0,6.0,5.0,2.0,,1,1
495046,1059490,2026,24254,1.0,1.0,0.0,7.42,45.0,0.0,0.0,0.0,,3.0,50.0,27.0,1.0,2.0,2.0,0.0,,0,0
494531,1683391,2026,24254,2.0,0.0,0.0,6.96,180.0,0.0,0.0,0.0,,0.0,,79.0,0.0,3.0,0.0,0.0,3.21,0,0
520066,860890,2026,24254,1.0,0.0,0.0,,1.0,0.0,0.0,0.0,,1.0,25.0,3.0,1.0,1.0,1.0,1.0,,0,0
385306,529625,2026,24254,2.0,0.0,0.0,6.64,180.0,0.0,0.0,0.0,,7.0,33.3,88.0,1.0,20.0,6.0,10.0,,0,0
369744,274392,2026,24254,2.0,0.0,0.0,6.29,180.0,0.0,0.0,0.0,,9.0,75.0,68.0,2.0,22.0,0.0,2.0,,0,0
476348,1252913,2026,24254,2.0,0.0,0.0,5.84,90.0,0.0,0.0,0.0,,3.0,37.5,26.0,0.0,8.0,2.0,0.0,,0,0
386458,600850,2026,24254,1.0,0.0,0.0,6.14,10.0,0.0,0.0,0.0,,1.0,33.3,12.0,0.0,1.0,0.0,1.0,,0,0
485802,1320444,2026,24254,1.0,0.0,0.0,6.0,28.0,1.0,0.0,0.0,,1.0,14.3,10.0,1.0,2.0,1.0,1.0,,1,0
441234,1073742,2026,24254,2.0,0.0,2.0,8.2,179.0,5.0,1.0,13.0,69.2,18.0,64.3,86.0,7.0,5.0,3.0,0.0,3.36,0,0
463127,425711,2026,24254,1.0,0.0,0.0,,1.0,0.0,0.0,0.0,,4.0,100.0,4.0,0.0,1.0,1.0,0.0,,0,0
424422,1241957,2026,24254,1.0,1.0,0.0,8.07,89.0,0.0,0.0,6.0,33.3,9.0,42.9,45.0,0.0,5.0,3.0,2.0,,1,0
489417,1033279,2026,24254,1.0,0.0,0.0,5.65,45.0,0.0,0.0,0.0,,0.0,0.0,14.0,1.0,1.0,0.0,2.0,,0,0
505495,1736527,2026,24254,1.0,0.0,0.0,,9.0,0.0,0.0,0.0,,0.0,,7.0,0.0,1.0,0.0,0.0,,0,0
339820,210428,2026,24254,1.0,0.0,0.0,5.97,90.0,0.0,0.0,0.0,,4.0,80.0,56.0,0.0,10.0,4.0,0.0,1.79,0,0
332314,179410,2026,24254,1.0,0.0,0.0,6.31,88.0,0.0,0.0,0.0,,2.0,66.7,66.0,0.0,2.0,2.0,1.0,1.75,0,0
448825,872396,2026,24254,1.0,0.0,0.0,,2.0,0.0,0.0,0.0,,1.0,100.0,16.0,1.0,0.0,0.0,0.0,,0,0
464842,1436305,2026,24254,1.0,0.0,0.0,6.02,76.0,0.0,0.0,2.0,50.0,1.0,16.7,39.0,0.0,0.0,0.0,2.0,1.23,0,0
418781,1230848,2026,24254,1.0,0.0,0.0,,7.0,0.0,0.0,0.0,,0.0,0.0,4.0,0.0,0.0,0.0,0.0,,0,0
353790,303339,2026,24254,1.0,0.0,0.0,6.36,90.0,0.0,0.0,3.0,33.3,5.0,50.0,50.0,1.0,3.0,0.0,0.0,1.79,0,0
418795,1197347,2026,24254,1.0,0.0,0.0,6.23,83.0,2.0,0.0,1.0,0.0,2.0,14.3,32.0,3.0,3.0,1.0,2.0,1.65,0,0
448815,965764,2026,24254,1.0,0.0,1.0,,7.0,1.0,0.0,0.0,,0.0,0.0,15.0,2.0,1.0,0.0,0.0,,0,0
403642,837061,2026,24254,1.0,0.0,0.0,6.89,90.0,0.0,0.0,3.0,100.0,9.0,90.0,70.0,0.0,6.0,5.0,0.0,1.79,0,0
433806,773229,2026,24254,1.0,0.0,0.0,5.54,90.0,0.0,0.0,0.0,,0.0,,47.0,0.0,0.0,0.0,0.0,2.06,0,0
401889,771294,2026,24254,1.0,0.0,0.0,6.16,75.0,1.0,0.0,3.0,66.7,2.0,33.3,29.0,3.0,0.0,0.0,0.0,1.23,0,0
430690,592102,2026,24254,1.0,0.0,0.0,5.6,90.0,0.0,0.0,0.0,,1.0,100.0,92.0,1.0,5.0,0.0,0.0,1.79,0,0
496358,1593857,2026,24254,1.0,1.0,0.0,7.08,15.0,0.0,0.0,1.0,100.0,1.0,25.0,15.0,2.0,0.0,0.0,0.0,,0,0
486130,1285866,2026,24254,1.0,0.0,0.0,6.09,14.0,0.0,0.0,0.0,,1.0,33.3,13.0,0.0,0.0,0.0,2.0,,0,0
464865,1451265,2026,24254,1.0,0.0,0.0,6.04,90.0,1.0,1.0,0.0,,6.0,54.5,69.0,0.0,7.0,2.0,1.0,1.79,0,0
431788,844544,2026,24254,1.0,0.0,0.0,6.21,83.0,0.0,0.0,1.0,0.0,0.0,0.0,60.0,0.0,4.0,0.0,1.0,1.65,0,0
364752,422149,2026,24254,2.0,0.0,0.0,7.6,180.0,0.0,0.0,0.0,,2.0,100.0,104.0,0.0,3.0,0.0,0.0,3.1,0,0
409241,496648,2026,24254,2.0,0.0,0.0,7.66,180.0,0.0,0.0,2.0,50.0,12.0,70.6,129.0,1.0,36.0,7.0,0.0,4.42,1,0
477770,230134,2026,24254,1.0,0.0,0.0,7.17,180.0,0.0,0.0,0.0,,7.0,63.6,120.0,1.0,35.0,3.0,0.0,,0,0
477852,890503,2026,24254,2.0,1.0,0.0,7.2,161.0,2.0,0.0,3.0,66.7,10.0,55.6,79.0,0.0,12.0,3.0,1.0,4.05,0,0
477856,785716,2026,24254,1.0,0.0,0.0,7.04,61.0,0.0,0.0,1.0,100.0,3.0,60.0,20.0,0.0,4.0,2.0,0.0,1.5,0,0
477855,1241301,2026,24254,1.0,0.0,0.0,6.56,14.0,0.0,0.0,0.0,,2.0,100.0,15.0,0.0,5.0,1.0,0.0,,0,0
477862,1241302,2026,24254,1.0,0.0,0.0,6.32,58.0,0.0,0.0,1.0,100.0,2.0,28.6,21.0,2.0,0.0,0.0,0.0,1.9,0,0
401894,680905,2026,24254,2.0,0.0,0.0,6.82,159.0,1.0,0.0,3.0,0.0,4.0,50.0,69.0,0.0,10.0,3.0,0.0,3.71,0,0
373344,302912,2026,24254,1.0,0.0,0.0,6.4,58.0,0.0,0.0,2.0,50.0,2.0,40.0,16.0,0.0,2.0,1.0,0.0,1.9,0,0
477832,1441786,2026,24254,2.0,0.0,0.0,7.0,166.0,1.0,0.0,4.0,50.0,15.0,57.7,97.0,0.0,19.0,4.0,2.0,4.0,2,0
477827,798069,2026,24254,2.0,0.0,0.0,6.66,74.0,1.0,0.0,0.0,,2.0,66.7,30.0,1.0,8.0,2.0,1.0,,0,0
480966,665167,2026,24254,2.0,0.0,0.0,6.56,80.0,2.0,0.0,2.0,50.0,2.0,28.6,25.0,3.0,2.0,0.0,0.0,1.87,0,0
494313,1205410,2026,24254,1.0,0.0,0.0,6.55,10.0,0.0,0.0,0.0,,2.0,66.7,16.0,0.0,2.0,1.0,1.0,,0,0
433724,873832,2026,24254,1.0,0.0,0.0,5.91,29.0,0.0,0.0,2.0,0.0,2.0,40.0,21.0,0.0,3.0,1.0,0.0,,0,0
494314,1165477,2026,24254,2.0,0.0,0.0,6.29,56.0,2.0,1.0,1.0,100.0,2.0,50.0,22.0,0.0,1.0,0.0,0.0,2.26,0,0
482782,1309634,2026,24254,1.0,0.0,0.0,5.95,61.0,0.0,0.0,0.0,,3.0,42.9,10.0,0.0,0.0,0.0,0.0,1.5,0,0
355642,172615,2026,24254,2.0,0.0,0.0,6.76,180.0,1.0,0.0,2.0,100.0,9.0,50.0,59.0,3.0,11.0,2.0,0.0,4.42,0,0
401893,671326,2026,24254,2.0,0.0,0.0,6.2,61.0,0.0,0.0,3.0,66.7,8.0,47.1,32.0,2.0,2.0,1.0,0.0,,0,0
477847,444000,2026,24254,2.0,0.0,0.0,6.56,180.0,0.0,0.0,1.0,100.0,5.0,45.5,90.0,3.0,13.0,3.0,0.0,,0,0
477849,1524518,2026,24254,1.0,1.0,0.0,7.01,32.0,0.0,0.0,1.0,100.0,1.0,16.7,8.0,0.0,1.0,0.0,0.0,,0,0
369267,533403,2026,24254,2.0,0.0,0.0,6.7,180.0,0.0,0.0,0.0,,4.0,25.0,122.0,1.0,15.0,2.0,0.0,2.59,0,0
408950,660213,2026,24254,2.0,0.0,0.0,7.26,180.0,2.0,1.0,4.0,50.0,9.0,52.9,149.0,3.0,17.0,7.0,1.0,2.59,0,0
483182,1384425,2026,24254,1.0,0.0,0.0,,4.0,0.0,0.0,0.0,,3.0,100.0,7.0,0.0,5.0,0.0,0.0,,0,0
344661,505872,2026,24254,2.0,0.0,0.0,6.75,68.0,0.0,0.0,0.0,,5.0,55.6,66.0,0.0,9.0,2.0,2.0,,0,0
416902,1179331,2026,24254,1.0,0.0,0.0,,1.0,0.0,0.0,0.0,,0.0,,3.0,0.0,1.0,0.0,0.0,,0,0
363863,513492,2026,24254,1.0,1.0,0.0,7.11,14.0,0.0,0.0,0.0,,0.0,0.0,11.0,2.0,0.0,0.0,1.0,,0,0
430482,979376,2026,24254,2.0,1.0,0.0,7.6,156.0,3.0,0.0,3.0,66.7,13.0,61.9,116.0,6.0,3.0,1.0,1.0,1.34,0,0
495488,1708842,2026,24254,2.0,0.0,0.0,6.06,28.0,0.0,0.0,0.0,,3.0,42.9,12.0,0.0,1.0,0.0,1.0,,0,0
344654,292462,2026,24254,2.0,0.0,1.0,8.08,161.0,8.0,0.0,6.0,33.3,9.0,47.4,92.0,14.0,1.0,1.0,2.0,1.41,0,0
483161,1426403,2026,24254,2.0,0.0,0.0,7.32,152.0,3.0,1.0,1.0,0.0,6.0,33.3,79.0,13.0,6.0,2.0,2.0,1.41,0,0
430477,849334,2026,24254,2.0,0.0,0.0,7.3,178.0,2.0,1.0,1.0,100.0,10.0,62.5,148.0,3.0,12.0,6.0,2.0,2.53,1,0
429095,1022128,2026,24254,2.0,0.0,0.0,6.98,129.0,2.0,0.0,0.0,,11.0,73.3,88.0,1.0,16.0,6.0,2.0,1.64,0,0
407022,560416,2026,24254,1.0,0.0,0.0,,2.0,0.0,0.0,0.0,,1.0,100.0,10.0,1.0,0.0,0.0,0.0,,0,0
433469,906944,2026,24254,2.0,0.0,0.0,7.5,180.0,1.0,0.0,1.0,100.0,15.0,55.6,108.0,2.0,22.0,13.0,3.0,2.59,1,0
461788,1418549,2026,24254,2.0,0.0,0.0,7.2,180.0,3.0,0.0,0.0,,3.0,30.0,165.0,1.0,9.0,3.0,3.0,2.59,1,0
430465,1272436,2026,24254,1.0,0.0,0.0,,2.0,0.0,0.0,1.0,0.0,0.0,0.0,6.0,1.0,0.0,0.0,0.0,,0,0
430476,839204,2026,24254,2.0,0.0,0.0,7.26,166.0,2.0,0.0,9.0,66.7,14.0,60.9,72.0,12.0,2.0,1.0,2.0,1.99,0,0
416906,1228546,2026,24254,2.0,0.0,0.0,8.02,180.0,0.0,0.0,0.0,,6.0,100.0,71.0,0.0,7.0,0.0,0.0,2.26,0,0
433461,532766,2026,24254,1.0,0.0,0.0,5.74,19.0,0.0,0.0,1.0,100.0,1.0,33.3,19.0,3.0,0.0,0.0,1.0,,0,0
369029,383971,2026,24254,1.0,0.0,0.0,6.52,90.0,0.0,0.0,0.0,,2.0,100.0,49.0,0.0,2.0,1.0,0.0,3.33,0,0
433667,950824,2026,24254,1.0,0.0,0.0,7.18,90.0,1.0,0.0,1.0,100.0,4.0,66.7,54.0,0.0,5.0,2.0,0.0,3.2,0,0
448180,1070712,2026,24254,1.0,0.0,0.0,5.68,90.0,0.0,0.0,1.0,0.0,2.0,50.0,58.0,1.0,2.0,1.0,0.0,3.2,0,0
448171,1186228,2026,24254,1.0,0.0,0.0,6.13,90.0,0.0,0.0,1.0,100.0,5.0,83.3,82.0,2.0,6.0,0.0,0.0,3.2,0,0
339987,239219,2026,24254,1.0,0.0,0.0,6.79,32.0,0.0,0.0,0.0,,3.0,75.0,37.0,0.0,2.0,1.0,1.0,0.66,0,0
336472,173461,2026,24254,1.0,0.0,0.0,6.13,12.0,0.0,0.0,0.0,,0.0,,14.0,0.0,0.0,0.0,0.0,0.64,0,0
241559,31097,2026,24254,1.0,0.0,0.0,5.92,58.0,0.0,0.0,0.0,,1.0,50.0,33.0,0.0,3.0,0.0,1.0,2.54,0,0
409191,557677,2026,24254,1.0,0.0,0.0,5.99,12.0,0.0,0.0,0.0,,0.0,0.0,6.0,0.0,1.0,0.0,1.0,,0,0
359381,163670,2026,24254,1.0,0.0,1.0,7.87,90.0,4.0,1.0,1.0,0.0,5.0,50.0,47.0,1.0,5.0,1.0,2.0,3.2,0,0
380005,446266,2026,24254,1.0,0.0,0.0,6.76,78.0,0.0,0.0,0.0,,1.0,33.3,28.0,0.0,3.0,1.0,1.0,2.57,0,0
482774,1215064,2026,24254,1.0,1.0,0.0,7.85,78.0,1.0,0.0,2.0,50.0,6.0,66.7,41.0,2.0,1.0,1.0,0.0,2.57,0,0
485066,1382000,2026,24254,1.0,0.0,1.0,7.47,90.0,1.0,0.0,2.0,50.0,3.0,27.3,52.0,6.0,1.0,1.0,2.0,3.2,0,0
485068,1210893,2026,24254,1.0,0.0,0.0,5.95,24.0,0.0,0.0,0.0,,2.0,40.0,6.0,0.0,0.0,0.0,2.0,,0,0
499290,1413996,2026,24254,1.0,0.0,0.0,6.43,66.0,0.0,0.0,2.0,50.0,2.0,50.0,53.0,0.0,7.0,0.0,1.0,2.54,0,0
482931,1199714,2026,24254,1.0,0.0,0.0,6.18,24.0,0.0,0.0,0.0,,1.0,33.3,17.0,1.0,2.0,1.0,0.0,,0,0
389754,709796,2026,24254,1.0,1.0,0.0,7.0,66.0,0.0,0.0,0.0,,5.0,41.7,17.0,3.0,2.0,1.0,1.0,,0,0
441313,912286,2026,24254,1.0,0.0,0.0,6.69,90.0,0.0,0.0,0.0,,0.0,,35.0,0.0,2.0,0.0,0.0,0.53,0,0
426357,760320,2026,24254,1.0,0.0,0.0,7.61,85.0,0.0,0.0,3.0,33.3,4.0,50.0,43.0,0.0,10.0,2.0,1.0,0.57,0,0
504329,1132814,2026,24254,1.0,0.0,0.0,6.82,90.0,1.0,0.0,0.0,,2.0,100.0,28.0,1.0,4.0,1.0,0.0,0.65,0,0
403063,690149,2026,24254,1.0,0.0,0.0,6.46,90.0,0.0,0.0,0.0,,1.0,25.0,25.0,0.0,7.0,1.0,0.0,0.65,0,0
494458,1428153,2026,24254,1.0,0.0,0.0,6.28,57.0,0.0,0.0,1.0,100.0,1.0,25.0,33.0,2.0,3.0,0.0,0.0,0.08,0,0
433076,866108,2026,24254,1.0,0.0,0.0,6.4,90.0,0.0,0.0,1.0,100.0,4.0,44.4,33.0,0.0,2.0,2.0,2.0,0.65,0,0
477833,500932,2026,24254,1.0,0.0,0.0,6.56,16.0,0.0,0.0,0.0,,3.0,100.0,13.0,1.0,4.0,2.0,0.0,,0,0
486147,1359649,2026,24254,1.0,0.0,0.0,6.4,33.0,1.0,0.0,1.0,0.0,2.0,66.7,13.0,1.0,2.0,2.0,0.0,0.57,0,0
336425,201939,2026,24254,1.0,0.0,0.0,7.09,85.0,1.0,0.0,2.0,100.0,6.0,66.7,24.0,1.0,0.0,0.0,1.0,0.57,0,0
448128,743720,2026,24254,1.0,0.0,0.0,6.04,16.0,0.0,0.0,0.0,,0.0,,10.0,0.0,0.0,0.0,0.0,,0,0
441316,666857,2026,24254,1.0,1.0,0.0,7.48,90.0,0.0,0.0,1.0,0.0,4.0,36.4,35.0,3.0,2.0,1.0,3.0,0.65,0,0
356532,277761,2026,24254,1.0,0.0,0.0,6.97,90.0,1.0,0.0,0.0,,2.0,50.0,44.0,0.0,9.0,2.0,1.0,0.65,1,0
477835,696932,2026,24254,1.0,0.0,0.0,,5.0,0.0,0.0,1.0,0.0,1.0,50.0,5.0,0.0,0.0,0.0,0.0,,0,0
477853,1022309,2026,24254,1.0,0.0,0.0,,5.0,0.0,0.0,0.0,,2.0,100.0,8.0,0.0,1.0,1.0,0.0,,0,0
433161,909803,2026,24254,1.0,0.0,0.0,7.14,74.0,1.0,0.0,2.0,100.0,7.0,77.8,30.0,1.0,2.0,2.0,2.0,0.5,0,0
436572,418137,2026,24254,1.0,0.0,1.0,7.61,74.0,2.0,1.0,3.0,33.3,3.0,50.0,34.0,0.0,3.0,1.0,0.0,0.5,0,0
376285,210683,2026,24254,1.0,0.0,0.0,6.48,90.0,1.0,0.0,0.0,,6.0,75.0,118.0,0.0,5.0,1.0,0.0,1.26,0,0
433679,1074967,2026,24254,1.0,0.0,0.0,,8.0,0.0,0.0,0.0,,1.0,100.0,21.0,0.0,1.0,0.0,0.0,,0,0
379942,278343,2026,24254,1.0,0.0,0.0,6.36,26.0,0.0,0.0,0.0,,1.0,100.0,25.0,1.0,0.0,0.0,0.0,0.22,0,0
430698,776299,2026,24254,1.0,0.0,0.0,5.96,26.0,0.0,0.0,1.0,0.0,1.0,25.0,29.0,0.0,0.0,0.0,0.0,,0,0
405877,844437,2026,24254,1.0,0.0,0.0,5.83,64.0,0.0,0.0,1.0,0.0,1.0,25.0,21.0,4.0,0.0,0.0,1.0,1.03,0,0
477795,1345875,2026,24254,1.0,0.0,0.0,6.64,90.0,1.0,0.0,2.0,50.0,3.0,42.9,63.0,5.0,3.0,2.0,1.0,1.26,0,0
482874,1576876,2026,24254,1.0,0.0,0.0,6.22,64.0,1.0,0.0,4.0,25.0,3.0,42.9,33.0,2.0,1.0,1.0,0.0,1.03,0,0
441350,1033099,2026,24254,1.0,0.0,0.0,6.33,64.0,1.0,0.0,2.0,50.0,3.0,42.9,32.0,0.0,3.0,2.0,2.0,1.03,0,0
431858,933845,2026,24254,1.0,0.0,0.0,6.26,90.0,0.0,0.0,5.0,60.0,8.0,61.5,84.0,1.0,6.0,4.0,1.0,1.26,0,0
511009,1231029,2026,24254,1.0,0.0,0.0,6.09,90.0,1.0,0.0,0.0,,5.0,71.4,49.0,1.0,5.0,3.0,2.0,1.26,0,0
477790,1134206,2026,24254,1.0,0.0,0.0,6.05,26.0,1.0,0.0,0.0,,0.0,0.0,8.0,0.0,0.0,0.0,1.0,0.22,0,0
379939,500520,2026,24254,1.0,0.0,0.0,6.75,82.0,0.0,0.0,0.0,,2.0,66.7,62.0,0.0,5.0,2.0,0.0,1.26,0,0
512132,1298669,2026,24254,1.0,0.0,0.0,,9.0,0.0,0.0,3.0,0.0,0.0,0.0,18.0,0.0,0.0,0.0,0.0,,0,0
395113,559065,2026,24254,1.0,0.0,0.0,6.49,90.0,0.0,0.0,0.0,,4.0,100.0,107.0,0.0,8.0,2.0,0.0,1.26,0,0
494291,1457626,2026,24254,1.0,0.0,0.0,6.26,81.0,0.0,0.0,5.0,40.0,5.0,45.5,62.0,0.0,0.0,0.0,0.0,1.26,0,0
389879,770880,2026,24254,1.0,0.0,0.0,5.45,90.0,0.0,0.0,0.0,,0.0,,42.0,0.0,0.0,0.0,0.0,2.22,0,0
