fifa_player_id,fifa_team_id,avg_attacking_score,avg_defensive_score,avg_creativity_score,avg_defending_the_goal_score,n_matches_ranked,player_kind
201200,43963,4.344441890716553,4.965504169464111,5.314385890960693,,1,outfieldPlayer
228912,43948,,,,5.055302381515503,2,goalkeeper
229397,43922,8.624955177307129,4.904720783233643,7.836018085479736,,1,outfieldPlayer
229498,43930,,,,6.108368396759033,2,goalkeeper
241559,43938,3.5057992935180664,3.7060468196868896,4.873976707458496,,1,outfieldPlayer
261367,43978,4.184705495834351,6.641122579574585,5.191933631896973,,2,outfieldPlayer
269058,43926,4.801690101623535,4.679006099700928,5.728137493133545,,1,outfieldPlayer
274078,43978,5.244799613952637,4.71734356880188,6.020805835723877,,2,outfieldPlayer
274281,43822,,,,5.825134038925171,2,goalkeeper
275917,43908,4.4317827224731445,5.394819974899292,5.34934139251709,,2,outfieldPlayer
288961,43817,4.934723377227783,5.479074954986572,5.789397954940796,,2,outfieldPlayer
295922,43908,,,,5.1271326541900635,2,goalkeeper
299200,43934,6.047966003417969,4.953682899475098,5.218147277832031,,1,outfieldPlayer
300409,44037,4.7098388671875,4.5480570793151855,7.027170658111572,,1,outfieldPlayer
307849,43822,4.971958637237549,4.549898147583008,6.019748687744141,,2,outfieldPlayer
308300,43922,,,,5.199484825134277,1,goalkeeper
308370,43924,,,,5.759526014328003,2,goalkeeper
308386,43924,4.281822919845581,7.258176565170288,5.132259368896484,,2,outfieldPlayer
310116,43922,4.440974712371826,6.680569171905518,5.3135085105896,,1,outfieldPlayer
311558,43971,4.9734272956848145,5.067162990570068,6.665441989898682,,2,outfieldPlayer
313559,43971,4.05363917350769,5.977702379226685,6.834604740142822,,2,outfieldPlayer
316002,43934,4.6801066398620605,6.696914196014404,5.61513614654541,,1,outfieldPlayer
321697,43976,5.052792549133301,4.914064407348633,5.56377649307251,,1,outfieldPlayer
331463,43978,4.632595539093018,4.579794883728027,5.652243137359619,,2,outfieldPlayer
331732,43899,,,,6.168090581893921,2,goalkeeper
332314,43879,4.138468265533447,4.3763298988342285,4.725496768951416,,1,outfieldPlayer
332946,43924,4.06018590927124,7.068135976791382,5.3054375648498535,,2,outfieldPlayer
335656,43924,4.316490888595581,6.187750816345215,5.630130052566528,,2,outfieldPlayer
335999,43969,5.185245513916016,6.99970555305481,6.944764852523804,,2,outfieldPlayer
336022,43942,,,,6.422087669372559,1,goalkeeper
336098,43960,5.129890203475952,4.936006546020508,6.6275482177734375,,2,outfieldPlayer
336425,20014,5.154866695404053,4.907283782958984,6.631993770599365,,1,outfieldPlayer
336459,43888,4.360510349273682,4.767230987548828,4.806371212005615,,1,outfieldPlayer
336641,43978,4.872739315032959,5.36630392074585,5.504541873931885,,1,outfieldPlayer
337251,43914,4.88136625289917,4.775425434112549,4.695823669433594,,1,outfieldPlayer
339112,43976,4.638871192932129,5.813072204589844,5.799775123596191,,2,outfieldPlayer
339510,43921,4.100147485733032,6.32708740234375,5.587843656539917,,2,outfieldPlayer
339745,43835,5.239679574966431,3.9953728914260864,7.483907222747803,,2,outfieldPlayer
339820,43879,4.0807600021362305,5.020346164703369,5.03626012802124,,1,outfieldPlayer
339987,43938,5.0948486328125,5.245999336242676,7.434403419494629,,1,outfieldPlayer
344654,43855,7.601726531982422,5.1262030601501465,8.30667781829834,,2,outfieldPlayer
344661,43855,4.635540962219238,6.028522491455078,6.003771066665649,,2,outfieldPlayer
346743,43817,4.44043493270874,5.825724363327026,4.548749685287476,,2,outfieldPlayer
347085,43818,,,,4.894252300262451,1,goalkeeper
353235,43860,4.398416519165039,5.199626922607422,4.932423114776611,,1,outfieldPlayer
353251,43834,5.247244358062744,6.223066806793213,5.477901935577393,,1,outfieldPlayer
353790,43879,4.676677227020264,5.036752700805664,5.939450263977051,,1,outfieldPlayer
354861,43834,5.214550971984863,5.978280544281006,5.878633975982666,,1,outfieldPlayer
355642,43850,5.2312939167022705,4.764808654785156,5.312723398208618,,2,outfieldPlayer
356412,43971,4.070493698120117,5.9280524253845215,4.7676239013671875,,1,outfieldPlayer
356532,20014,4.5620551109313965,6.154178142547607,6.2862091064453125,,1,outfieldPlayer
356731,43911,6.2007622718811035,5.655986785888672,5.277692556381226,,2,outfieldPlayer
356956,43872,,,,6.121229410171509,2,goalkeeper
358003,43995,5.279138088226318,5.8027544021606445,5.714917182922363,,1,outfieldPlayer
358106,43935,,,,6.561073064804077,2,goalkeeper
358112,43935,4.8419578075408936,5.339432239532471,5.305756568908691,,2,outfieldPlayer
358120,43935,5.208784103393555,5.40880823135376,7.20929479598999,,2,outfieldPlayer
358122,43935,4.513117551803589,6.393032550811768,6.25717830657959,,2,outfieldPlayer
358241,43934,4.358694076538086,5.221995830535889,7.05381441116333,,1,outfieldPlayer
359381,43938,4.947890281677246,4.735961437225342,7.442864894866943,,1,outfieldPlayer
359634,43967,4.072258234024048,6.5152060985565186,6.000894784927368,,2,outfieldPlayer
360496,43970,,,,4.897714614868164,2,goalkeeper
360642,43926,,,,5.506335735321045,1,goalkeeper
364752,43850,,,,6.401233673095703,2,goalkeeper
367981,43924,4.1482226848602295,6.3720293045043945,5.037260293960571,,2,outfieldPlayer
368535,43978,,,,5.9313437938690186,2,goalkeeper
368649,43963,4.4411749839782715,6.129903316497803,6.124564170837402,,1,outfieldPlayer
368660,43930,4.4167468547821045,6.341168403625488,5.6504364013671875,,2,outfieldPlayer
369029,43938,,,,5.3235650062561035,1,goalkeeper
369267,43855,4.021809816360474,6.219093084335327,4.391635179519653,,2,outfieldPlayer
369304,43972,4.750028133392334,6.466706037521362,6.0191099643707275,,2,outfieldPlayer
369419,43942,8.294390678405762,4.650221824645996,5.718981742858887,,1,outfieldPlayer
369434,43942,4.178399562835693,6.055753231048584,4.586705684661865,,1,outfieldPlayer
369744,43928,4.483752727508545,6.23865270614624,4.663682460784912,,2,outfieldPlayer
369749,43928,4.336410999298096,5.598949670791626,5.789421319961548,,2,outfieldPlayer
369761,43928,4.327070951461792,4.876463174819946,5.36853814125061,,2,outfieldPlayer
369768,43928,4.513472557067871,5.292596340179443,5.421239376068115,,1,outfieldPlayer
371348,44005,4.706667900085449,4.570613861083984,7.53731107711792,,1,outfieldPlayer
371393,44005,4.949051380157471,5.540676116943359,6.047108173370361,,1,outfieldPlayer
371415,44005,4.473601818084717,5.212515830993652,5.742410182952881,,1,outfieldPlayer
371609,43854,5.224907875061035,4.8982110023498535,6.200638294219971,,2,outfieldPlayer
371736,43817,5.1514599323272705,6.380270004272461,5.085995674133301,,2,outfieldPlayer
371739,43934,,,,6.588429927825928,1,goalkeeper
371958,43899,4.386889934539795,7.546845197677612,5.131162405014038,,2,outfieldPlayer
372090,43911,4.733434200286865,5.107764720916748,5.711086273193359,,1,outfieldPlayer
372243,43934,4.13413143157959,5.499461650848389,6.413276195526123,,1,outfieldPlayer
372342,43914,5.388314247131348,5.201345920562744,6.69476318359375,,1,outfieldPlayer
372436,44037,4.205101490020752,4.308345317840576,5.404637336730957,,1,outfieldPlayer
373235,43961,,,,5.087879657745361,1,goalkeeper
373344,43850,4.95684814453125,4.566864490509033,6.889125347137451,,1,outfieldPlayer
373400,43927,4.734642744064331,5.066209316253662,5.067103385925293,,2,outfieldPlayer
376230,44037,4.759507656097412,5.03733217716217,6.171541929244995,,2,outfieldPlayer
376285,43843,4.028571605682373,5.149380683898926,5.639191150665283,,1,outfieldPlayer
379886,43817,5.391063213348389,6.228978633880615,6.614032745361328,,1,outfieldPlayer
379939,43843,4.103327751159668,7.1488518714904785,5.168673038482666,,1,outfieldPlayer
379942,43843,4.4255781173706055,5.1457977294921875,6.244823455810547,,1,outfieldPlayer
379953,43948,5.0674028396606445,5.650696754455566,7.684628009796143,,1,outfieldPlayer
379955,43948,4.887447357177734,5.393178224563599,5.967174530029297,,2,outfieldPlayer
380005,43938,4.538110256195068,5.318307399749756,6.268611907958984,,1,outfieldPlayer
380007,43817,,,,7.399805545806885,2,goalkeeper
382312,43976,4.385354042053223,6.340263605117798,5.682854175567627,,2,outfieldPlayer
382739,43969,4.123410701751709,5.37593412399292,5.90194034576416,,1,outfieldPlayer
384797,43817,5.606136798858643,5.034852504730225,7.220461368560791,,2,outfieldPlayer
385031,43914,4.202515602111816,6.978495121002197,6.264159202575684,,1,outfieldPlayer
385067,43834,4.259888172149658,5.394272327423096,5.564369440078735,,2,outfieldPlayer
385139,44005,4.943978309631348,4.3888349533081055,7.063939094543457,,1,outfieldPlayer
385259,43934,4.451103687286377,5.261373996734619,6.599569797515869,,1,outfieldPlayer
385306,43928,4.280490875244141,6.942944288253784,4.999713897705078,,2,outfieldPlayer
385475,44005,5.19144868850708,3.962862968444824,5.922310829162598,,1,outfieldPlayer
385531,43934,5.43701696395874,7.9803924560546875,7.342293739318848,,1,outfieldPlayer
386013,43926,4.152480125427246,6.836561679840088,5.126179218292236,,1,outfieldPlayer
386347,43834,4.601986885070801,4.408533573150635,6.6353607177734375,,2,outfieldPlayer
386348,43834,3.9490976333618164,5.079427123069763,4.768542528152466,,2,outfieldPlayer
386387,43834,4.381641387939453,4.008697986602783,5.518630027770996,,1,outfieldPlayer
386413,43948,4.421403408050537,6.548584461212158,6.837523460388184,,2,outfieldPlayer
386473,43860,,,,7.207127571105957,1,goalkeeper
386538,43930,4.541328430175781,6.507063150405884,6.171188831329346,,2,outfieldPlayer
388475,43817,5.3451828956604,4.877839803695679,5.6509644985198975,,2,outfieldPlayer
389437,43820,4.638167381286621,4.876293182373047,6.415947914123535,,1,outfieldPlayer
389754,43938,7.3049139976501465,4.845635890960693,5.606958866119385,,1,outfieldPlayer
389782,43927,4.138382434844971,5.64776086807251,5.971974849700928,,1,outfieldPlayer
389784,43927,4.229129076004028,7.293436527252197,5.665447235107422,,2,outfieldPlayer
389867,43946,9.142857551574707,4.156703472137451,6.8530097007751465,,1,outfieldPlayer
389876,43946,4.047618865966797,7.803831100463867,5.756850719451904,,1,outfieldPlayer
389879,43843,,,,4.789216041564941,1,goalkeeper
390181,43978,4.403751373291016,5.206125974655151,5.002417087554932,,2,outfieldPlayer
390196,43978,5.119181394577026,5.225043773651123,6.036387205123901,,2,outfieldPlayer
390209,43978,5.171467542648315,4.65195369720459,5.998674392700195,,2,outfieldPlayer
390238,43921,4.05308198928833,7.85200572013855,5.577433347702026,,2,outfieldPlayer
390259,43921,4.337032079696655,5.38297438621521,7.218459367752075,,2,outfieldPlayer
390267,43921,5.6913347244262695,5.422756195068359,7.627152919769287,,1,outfieldPlayer
390475,43883,3.408412456512451,4.801172733306885,3.9230198860168457,,1,outfieldPlayer
390525,43822,4.593214750289917,6.166315793991089,5.938636541366577,,2,outfieldPlayer
390534,43817,5.292087554931641,6.3779778480529785,5.278491497039795,,1,outfieldPlayer
390535,43817,4.273226737976074,5.518316745758057,6.868206024169922,,1,outfieldPlayer
390537,43817,4.287714719772339,5.397748708724976,6.221172571182251,,2,outfieldPlayer
390541,43819,4.390319347381592,5.4686431884765625,6.4914069175720215,,1,outfieldPlayer
390650,1895293,,,,7.190337419509888,2,goalkeeper
390670,43899,6.178225994110107,6.126706600189209,4.734694004058838,,1,outfieldPlayer
391646,43819,4.4769651889801025,5.538048028945923,6.3517796993255615,,2,outfieldPlayer
393480,43971,5.905685663223267,5.1587653160095215,6.14252233505249,,2,outfieldPlayer
394456,43924,4.521509647369385,6.197413921356201,5.523514270782471,,1,outfieldPlayer
394500,43926,4.393080234527588,5.428252696990967,5.493288993835449,,1,outfieldPlayer
395050,43883,5.101191520690918,5.414977073669434,5.652985572814941,,2,outfieldPlayer
395083,43822,4.836108207702637,5.3588433265686035,6.535477876663208,,2,outfieldPlayer
395084,43822,6.652332782745361,6.3072669506073,5.802161931991577,,2,outfieldPlayer
395088,43822,4.046511173248291,7.79373574256897,4.886457204818726,,2,outfieldPlayer
395113,43843,4.028571605682373,5.737894058227539,4.882133483886719,,1,outfieldPlayer
395186,43818,6.981114864349365,3.5040457248687744,6.970028400421143,,1,outfieldPlayer
395205,43963,4.410415172576904,5.785755634307861,5.170948028564453,,1,outfieldPlayer
395206,43963,4.451749801635742,6.627652168273926,6.4800639152526855,,1,outfieldPlayer
395212,43963,4.870306491851807,5.548935890197754,6.343119144439697,,1,outfieldPlayer
395283,43970,4.195337295532227,5.673237562179565,5.808117389678955,,2,outfieldPlayer
395321,43819,5.955204248428345,5.915539741516113,7.906736135482788,,2,outfieldPlayer
395471,43948,5.674211025238037,4.917531490325928,6.8317766189575195,,1,outfieldPlayer
395516,43911,3.0148110389709473,5.447761535644531,4.131003379821777,,1,outfieldPlayer
395550,43926,4.454850196838379,6.8021440505981445,5.937886714935303,,1,outfieldPlayer
395581,43914,4.345656394958496,5.149525165557861,5.7137298583984375,,1,outfieldPlayer
395986,43883,,,,5.158171892166138,2,goalkeeper
396885,43835,,,,6.420923948287964,2,goalkeeper
397775,43908,4.283315658569336,5.324200868606567,5.001974582672119,,2,outfieldPlayer
397786,43960,5.996123790740967,6.1374592781066895,5.627845287322998,,2,outfieldPlayer
397894,43820,,,,4.703579425811768,1,goalkeeper
398509,43971,4.412558078765869,6.706380844116211,6.294355154037476,,2,outfieldPlayer
398569,1895293,3.1418585777282715,2.8946266174316406,4.164675235748291,,1,outfieldPlayer
398588,43961,5.107651710510254,5.392702579498291,5.178577899932861,,1,outfieldPlayer
398680,43946,4.507621765136719,4.955578327178955,5.291421413421631,,1,outfieldPlayer
400416,43914,4.832991123199463,5.704300880432129,5.6491570472717285,,1,outfieldPlayer
400511,43819,4.827818393707275,6.762819290161133,6.563554286956787,,1,outfieldPlayer
400514,43819,4.156177997589111,5.757423400878906,5.224151611328125,,1,outfieldPlayer
400634,43911,4.268395900726318,7.3224196434021,4.97617244720459,,1,outfieldPlayer
400716,43961,5.234050273895264,5.533827304840088,7.028552532196045,,1,outfieldPlayer
400721,43872,4.763626575469971,6.11635422706604,6.386294603347778,,2,outfieldPlayer
401023,1895293,4.734809875488281,7.364950180053711,6.783253192901611,,1,outfieldPlayer
401334,43967,6.666292667388916,4.892108201980591,6.352930068969727,,2,outfieldPlayer
401339,43967,4.154985189437866,4.892192602157593,6.714874505996704,,2,outfieldPlayer
401378,43948,4.128335475921631,5.717631101608276,5.800382614135742,,2,outfieldPlayer
401444,43935,4.845581293106079,5.59440279006958,6.113878965377808,,2,outfieldPlayer
401448,43971,4.630379676818848,7.948265552520752,6.10396146774292,,1,outfieldPlayer
401470,43942,7.512736797332764,4.816939353942871,6.527024269104004,,1,outfieldPlayer
401481,43995,4.758845090866089,4.843137264251709,5.614273548126221,,2,outfieldPlayer
401712,43967,4.620968341827393,6.09454870223999,5.911259174346924,,1,outfieldPlayer
401889,43879,5.174712181091309,3.7305197715759277,7.0808868408203125,,1,outfieldPlayer
401893,43850,4.961863994598389,5.468816041946411,6.49476170539856,,2,outfieldPlayer
401894,43850,4.835856199264526,4.85307765007019,5.469403505325317,,2,outfieldPlayer
402021,43971,4.199259042739868,5.551475286483765,5.869714021682739,,2,outfieldPlayer
402047,43946,5.108843803405762,5.653534889221191,7.744904518127441,,1,outfieldPlayer
402261,43854,4.742231845855713,5.049062252044678,7.496575355529785,,1,outfieldPlayer
402772,43911,4.905847549438477,7.791734933853149,5.439484596252441,,2,outfieldPlayer
402817,43822,4.1472015380859375,5.754450798034668,5.732396125793457,,2,outfieldPlayer
402876,43930,6.70142388343811,5.4434425830841064,6.743824243545532,,2,outfieldPlayer
402884,43930,4.918735980987549,5.060404062271118,6.976648330688477,,2,outfieldPlayer
402893,43930,4.5025177001953125,6.0579893589019775,7.101795673370361,,2,outfieldPlayer
402895,43930,4.8233819007873535,5.2629289627075195,5.698641300201416,,1,outfieldPlayer
402898,43930,5.226367950439453,5.729488849639893,6.892895460128784,,2,outfieldPlayer
402920,43922,4.465317249298096,5.816742420196533,5.3558125495910645,,1,outfieldPlayer
402921,43922,4.025259017944336,5.9808735847473145,4.457102298736572,,1,outfieldPlayer
402925,43922,4.374675273895264,7.499349117279053,5.4665679931640625,,1,outfieldPlayer
402926,43922,4.240644931793213,6.97344970703125,4.8943328857421875,,1,outfieldPlayer
402974,43927,4.582730770111084,6.708719730377197,6.425693035125732,,1,outfieldPlayer
403001,43963,,,,5.520831108093262,1,goalkeeper
403049,43942,4.357608318328857,5.500284194946289,4.999134540557861,,1,outfieldPlayer
403063,20014,4.324234962463379,5.782264232635498,5.098533630371094,,1,outfieldPlayer
403083,43872,4.034067392349243,6.2029359340667725,5.0071587562561035,,2,outfieldPlayer
403236,43817,5.043319225311279,5.162587642669678,6.203272342681885,,1,outfieldPlayer
403274,43819,4.337438344955444,6.854956388473511,5.838293790817261,,2,outfieldPlayer
403289,43819,4.72408652305603,7.2909934520721436,6.164179563522339,,2,outfieldPlayer
403293,43819,5.717898845672607,5.341424465179443,6.24908447265625,,1,outfieldPlayer
403304,43819,5.442089557647705,4.897985458374023,7.308034420013428,,1,outfieldPlayer
403312,43835,6.3046839237213135,5.130149841308594,5.303009033203125,,2,outfieldPlayer
403319,43835,4.871656179428101,5.431759834289551,6.415364027023315,,2,outfieldPlayer
403335,43835,4.444720029830933,4.540774583816528,4.818085193634033,,2,outfieldPlayer
403585,43911,4.948814153671265,6.412959098815918,7.3308234214782715,,2,outfieldPlayer
403596,43911,4.268395900726318,5.09140157699585,4.636122226715088,,1,outfieldPlayer
403616,43883,5.4634575843811035,6.350749492645264,6.173243761062622,,2,outfieldPlayer
403642,43879,4.3456525802612305,5.875160217285156,6.7498931884765625,,1,outfieldPlayer
404353,43948,4.6566760540008545,5.005036354064941,6.418229341506958,,2,outfieldPlayer
404645,43961,4.0,6.565247058868408,5.9724955558776855,,1,outfieldPlayer
404885,43995,4.569285869598389,5.212162971496582,5.470708131790161,,2,outfieldPlayer
405175,43854,4.8579185009002686,5.556206226348877,5.212734222412109,,2,outfieldPlayer
405178,43971,4.407697677612305,6.411985874176025,6.743014335632324,,2,outfieldPlayer
405263,43934,5.044406890869141,5.294946193695068,6.282564640045166,,1,outfieldPlayer
405454,43978,7.3099682331085205,4.7606141567230225,7.3173828125,,2,outfieldPlayer
405469,43978,4.879522323608398,5.197529315948486,6.394110441207886,,2,outfieldPlayer
405522,43819,7.058886766433716,6.10183310508728,7.467445611953735,,2,outfieldPlayer
405528,43819,5.498230934143066,5.873208999633789,6.711033821105957,,1,outfieldPlayer
405530,43819,,,,5.788043975830078,2,goalkeeper
405545,43969,4.731586456298828,5.307393550872803,5.5232391357421875,,2,outfieldPlayer
405742,43924,8.451362133026123,4.281505107879639,7.373721361160278,,2,outfieldPlayer
405755,43926,8.080462455749512,6.144530773162842,6.36853551864624,,1,outfieldPlayer
405873,43854,,,,6.483242988586426,2,goalkeeper
405877,43843,4.303111553192139,3.821591377258301,5.11249303817749,,1,outfieldPlayer
405879,43908,4.771023511886597,4.905843496322632,5.49984884262085,,2,outfieldPlayer
405893,43946,4.047618865966797,6.589200019836426,4.726588249206543,,1,outfieldPlayer
405920,43927,5.128998756408691,5.858226776123047,5.88450813293457,,2,outfieldPlayer
406231,43972,4.406419992446899,5.500486612319946,5.661563158035278,,2,outfieldPlayer
406280,43921,5.156593322753906,5.908337354660034,7.280516147613525,,2,outfieldPlayer
406304,43921,4.987578392028809,5.704832077026367,6.89207124710083,,1,outfieldPlayer
407343,43854,4.622812271118164,5.490878343582153,6.639606475830078,,2,outfieldPlayer
407680,1895293,4.969513177871704,3.9577183723449707,6.052231311798096,,2,outfieldPlayer
407993,43835,4.799489974975586,4.807172894477844,5.474069595336914,,2,outfieldPlayer
408042,43946,4.634487628936768,6.510983943939209,5.52293062210083,,1,outfieldPlayer
408950,43855,4.881883382797241,5.725758075714111,6.843154430389404,,2,outfieldPlayer
409241,43850,5.122192621231079,6.463793516159058,5.471604824066162,,2,outfieldPlayer
411174,43914,4.524415493011475,4.98738431930542,5.463138580322266,,1,outfieldPlayer
411176,43914,4.41143798828125,4.825185298919678,5.500190734863281,,1,outfieldPlayer
411226,43971,4.5860724449157715,5.772879123687744,6.99928617477417,,1,outfieldPlayer
411301,43967,,,,5.780770301818848,2,goalkeeper
411367,43948,5.866591930389404,5.135123252868652,5.421220302581787,,2,outfieldPlayer
411375,43969,4.654606580734253,6.843056678771973,6.902873277664185,,2,outfieldPlayer
411443,43935,4.342323541641235,5.986977815628052,6.800611972808838,,2,outfieldPlayer
411624,43835,4.794202566146851,4.736181139945984,5.48639440536499,,2,outfieldPlayer
411644,43817,4.689323425292969,5.226851463317871,6.0323426723480225,,2,outfieldPlayer
411653,43888,4.416537284851074,5.07397985458374,5.395610332489014,,1,outfieldPlayer
411658,43888,4.253732919692993,4.433495759963989,4.99466609954834,,2,outfieldPlayer
411680,43872,4.312763929367065,7.239159107208252,6.494721174240112,,2,outfieldPlayer
411726,43924,5.221206426620483,6.272385120391846,7.241505146026611,,2,outfieldPlayer
416051,43834,4.295135736465454,5.5975353717803955,6.135990858078003,,2,outfieldPlayer
416081,43922,4.353520393371582,5.669242858886719,5.966315269470215,,1,outfieldPlayer
416576,43911,4.968447208404541,5.14560604095459,6.09702205657959,,1,outfieldPlayer
416906,43855,,,,6.511845350265503,2,goalkeeper
416989,43817,5.023341655731201,5.57150936126709,5.884562015533447,,1,outfieldPlayer
418490,43822,5.774066209793091,5.403934955596924,7.67249059677124,,2,outfieldPlayer
418548,43963,4.970488548278809,5.571179389953613,7.14727783203125,,1,outfieldPlayer
418550,43963,4.980599880218506,5.2709641456604,6.466178894042969,,1,outfieldPlayer
418715,43914,4.083504676818848,5.088481426239014,4.6002373695373535,,1,outfieldPlayer
418729,43914,4.59923791885376,6.251894474029541,4.532201290130615,,1,outfieldPlayer
418795,43879,4.530052185058594,5.11417293548584,5.724709510803223,,1,outfieldPlayer
418963,43922,4.025259017944336,6.214529514312744,5.1038923263549805,,1,outfieldPlayer
418975,43922,4.359001636505127,6.801255702972412,5.319485187530518,,1,outfieldPlayer
419003,43927,4.496954917907715,5.3372721672058105,5.165672302246094,,1,outfieldPlayer
419005,43927,5.155928611755371,6.312558650970459,5.310046672821045,,1,outfieldPlayer
419020,43927,5.275592803955078,5.685333490371704,6.890429735183716,,2,outfieldPlayer
419062,43921,4.12344217300415,7.293972492218018,4.445508003234863,,2,outfieldPlayer
419082,43921,4.933241367340088,5.666260719299316,6.058631896972656,,2,outfieldPlayer
419100,43930,8.64155912399292,4.935953378677368,7.476420164108276,,2,outfieldPlayer
419108,43930,4.448673248291016,6.310979604721069,5.820052623748779,,2,outfieldPlayer
419126,43930,4.874013185501099,5.363487720489502,5.845674514770508,,2,outfieldPlayer
419134,43930,4.550622224807739,5.552373170852661,6.884751081466675,,2,outfieldPlayer
419177,43946,4.047618865966797,5.497544288635254,5.015465259552002,,1,outfieldPlayer
419189,43888,4.382091045379639,5.240215301513672,6.071052074432373,,2,outfieldPlayer
419211,43883,4.977478504180908,4.600480556488037,5.0285115242004395,,1,outfieldPlayer
419223,43883,4.673712730407715,5.000387668609619,5.782253742218018,,1,outfieldPlayer
419281,43835,4.7933971881866455,5.201565742492676,6.243213653564453,,2,outfieldPlayer
419291,43835,4.403078079223633,4.472510457038879,5.02030611038208,,2,outfieldPlayer
419302,43835,5.080634593963623,3.8080804347991943,5.940791606903076,,1,outfieldPlayer
419303,43835,4.510109186172485,4.765827536582947,5.796006441116333,,2,outfieldPlayer
419441,43834,4.308868646621704,4.740042090415955,5.310239791870117,,2,outfieldPlayer
419459,43834,,,,5.678687572479248,2,goalkeeper
419463,43834,4.534181356430054,5.116682291030884,6.158160448074341,,2,outfieldPlayer
419473,43834,4.3673930168151855,5.759181499481201,5.705461502075195,,2,outfieldPlayer
419518,43911,4.636023998260498,6.13063383102417,5.994495153427124,,2,outfieldPlayer
419652,43961,7.599602699279785,5.374630451202393,4.958373069763184,,1,outfieldPlayer
419672,43961,6.59366512298584,6.007827281951904,5.681203365325928,,1,outfieldPlayer
419681,43961,5.069652080535889,5.258245944976807,6.261394023895264,,1,outfieldPlayer
422657,43960,4.389559507369995,5.785423040390015,6.667290687561035,,2,outfieldPlayer
422968,43818,4.6941657066345215,4.513732433319092,5.64868688583374,,1,outfieldPlayer
423522,43976,4.7033116817474365,5.2150633335113525,6.116847991943359,,2,outfieldPlayer
423575,43978,5.068660736083984,4.764149188995361,5.913508176803589,,2,outfieldPlayer
423595,43978,4.668401479721069,6.647944450378418,6.01455545425415,,2,outfieldPlayer
423646,43969,5.123953342437744,6.326852798461914,7.450050115585327,,2,outfieldPlayer
423658,43969,4.435575008392334,5.009934425354004,6.0790276527404785,,1,outfieldPlayer
423855,43822,4.751060485839844,5.774646282196045,6.468452453613281,,1,outfieldPlayer
423874,43822,4.313448429107666,6.707546710968018,5.136501789093018,,2,outfieldPlayer
423880,43822,4.155819416046143,6.449246883392334,6.566905498504639,,1,outfieldPlayer
423941,43899,6.291013240814209,7.074629306793213,7.677542686462402,,1,outfieldPlayer
424031,43927,4.600724458694458,6.987890005111694,5.644903898239136,,2,outfieldPlayer
424036,43927,4.806780576705933,6.629026174545288,6.4331910610198975,,2,outfieldPlayer
424047,1895293,4.784679412841797,4.40830135345459,5.824385643005371,,1,outfieldPlayer
424051,43960,7.959240436553955,5.753657341003418,5.010706424713135,,1,outfieldPlayer
424056,1895293,5.548866271972656,4.52117919921875,5.993905067443848,,1,outfieldPlayer
424081,43960,,,,5.756266355514526,2,goalkeeper
424422,43928,8.608853340148926,5.030782222747803,6.641425132751465,,1,outfieldPlayer
425607,43888,4.289561986923218,5.726641654968262,5.5507731437683105,,2,outfieldPlayer
425701,43911,4.156079292297363,6.118691444396973,5.099186897277832,,2,outfieldPlayer
426357,20014,4.886279582977295,5.520761966705322,7.292994976043701,,1,outfieldPlayer
428882,43922,4.999180316925049,5.400821685791016,6.978904724121094,,1,outfieldPlayer
428885,43927,4.72848105430603,6.66004204750061,6.00476861000061,,2,outfieldPlayer
428886,43926,9.487805366516113,6.0525922775268555,8.802103042602539,,1,outfieldPlayer
428905,43926,4.411441802978516,4.65295934677124,4.867724418640137,,1,outfieldPlayer
429063,43834,4.90770149230957,4.515146493911743,5.49895977973938,,2,outfieldPlayer
429095,43855,4.411521911621094,6.061331033706665,4.859857797622681,,2,outfieldPlayer
429157,43911,7.24540638923645,5.066915273666382,7.621540307998657,,2,outfieldPlayer
429608,43822,4.332351207733154,5.0142717361450195,5.957617521286011,,2,outfieldPlayer
429642,43948,6.107958555221558,5.316888809204102,5.973013401031494,,2,outfieldPlayer
430097,43967,4.761610984802246,5.644332647323608,5.705303192138672,,2,outfieldPlayer
430098,43967,4.597702264785767,5.7234227657318115,5.827104568481445,,2,outfieldPlayer
430100,43934,5.048159122467041,5.585353374481201,5.126039981842041,,1,outfieldPlayer
430120,43972,4.257061004638672,7.132052898406982,5.66329288482666,,1,outfieldPlayer
430138,43899,5.011885643005371,5.858518600463867,6.831099987030029,,2,outfieldPlayer
430144,43969,4.466375827789307,7.335361480712891,6.162579536437988,,1,outfieldPlayer
430147,43967,4.2411909103393555,5.544949769973755,5.596033334732056,,2,outfieldPlayer
430150,43970,6.218914985656738,4.0095226764678955,7.466922760009766,,2,outfieldPlayer
430176,43960,5.132342338562012,6.526995897293091,7.575408220291138,,2,outfieldPlayer
430401,43819,4.8238091468811035,5.619996547698975,5.865440845489502,,1,outfieldPlayer
430407,43819,5.2359843254089355,4.888885974884033,6.4607744216918945,,1,outfieldPlayer
430413,43819,6.732831001281738,5.176284074783325,7.10379433631897,,2,outfieldPlayer
430440,43976,4.35937237739563,5.268364429473877,6.241474151611328,,2,outfieldPlayer
430442,43976,4.497694969177246,5.813692092895508,5.600198268890381,,2,outfieldPlayer
430450,43976,4.780975103378296,5.918639421463013,6.647461414337158,,2,outfieldPlayer
430452,43976,6.349611520767212,5.736801385879517,6.129910469055176,,2,outfieldPlayer
430476,43855,5.144551753997803,4.751198053359985,7.078662633895874,,2,outfieldPlayer
430477,43855,4.323306322097778,6.0717997550964355,5.982265472412109,,2,outfieldPlayer
430482,43855,6.874136924743652,5.232527494430542,6.709413290023804,,2,outfieldPlayer
430594,43924,4.725012302398682,5.480340480804443,6.30905818939209,,1,outfieldPlayer
430597,43924,4.708412170410156,5.109945774078369,6.33137845993042,,1,outfieldPlayer
430601,43924,4.051901578903198,5.824826240539551,4.785857677459717,,2,outfieldPlayer
430605,43924,4.631795406341553,7.0224223136901855,6.154117584228516,,2,outfieldPlayer
430609,43924,6.536040544509888,5.6553521156311035,6.27671480178833,,2,outfieldPlayer
430628,43922,4.253208637237549,6.7678351402282715,5.1356682777404785,,1,outfieldPlayer
430631,43922,5.297012805938721,5.901920318603516,6.7874274253845215,,1,outfieldPlayer
430657,43948,5.598459720611572,5.805811405181885,7.507309913635254,,1,outfieldPlayer
430667,43948,5.804988861083984,6.606968402862549,6.111860752105713,,2,outfieldPlayer
430669,43948,5.015725612640381,5.014687538146973,7.499486923217773,,2,outfieldPlayer
430690,43879,4.180989742279053,5.0209197998046875,5.270933628082275,,1,outfieldPlayer
430697,43908,4.626495122909546,5.6473915576934814,6.6602113246917725,,2,outfieldPlayer
430698,43843,4.4599609375,4.915857791900635,6.240893840789795,,1,outfieldPlayer
430707,43946,4.0,5.718566417694092,5.6651611328125,,1,outfieldPlayer
430718,43969,5.136288166046143,5.923312664031982,6.814279556274414,,2,outfieldPlayer
430733,43969,5.187650680541992,5.649267673492432,6.227388381958008,,2,outfieldPlayer
430735,43969,4.868478775024414,6.514502048492432,5.479075908660889,,2,outfieldPlayer
430740,43872,6.475102424621582,5.290489912033081,8.690635681152344,,2,outfieldPlayer
430750,43969,5.7140045166015625,5.710195541381836,7.2578206062316895,,1,outfieldPlayer
430751,43969,6.807832956314087,5.898552656173706,5.822015285491943,,2,outfieldPlayer
430753,43969,,,,6.5174055099487305,2,goalkeeper
430763,43911,8.243398666381836,6.232215881347656,5.507208347320557,,1,outfieldPlayer
430822,43854,7.003889799118042,5.194247484207153,7.173779487609863,,2,outfieldPlayer
430831,43854,4.385943412780762,6.608968734741211,5.00197172164917,,1,outfieldPlayer
430854,43854,5.282413721084595,6.756948232650757,6.683436393737793,,2,outfieldPlayer
430917,43883,5.456605434417725,6.230453968048096,5.450007438659668,,1,outfieldPlayer
431196,43922,4.132852077484131,7.839855194091797,5.408287048339844,,1,outfieldPlayer
431200,43926,7.919914245605469,7.464907169342041,5.48824405670166,,1,outfieldPlayer
431202,43928,4.548975229263306,5.783287048339844,5.1360085010528564,,2,outfieldPlayer
431211,43820,5.545329570770264,4.077212333679199,7.111742973327637,,1,outfieldPlayer
431212,43820,8.977051734924316,3.92940092086792,6.546518802642822,,1,outfieldPlayer
431225,43820,4.100872039794922,5.79975700378418,5.1029953956604,,1,outfieldPlayer
431230,43820,5.119797706604004,4.8559465408325195,7.705199718475342,,1,outfieldPlayer
431693,43908,4.730750560760498,5.077431917190552,4.813914060592651,,2,outfieldPlayer
431696,43899,4.47188663482666,6.49702000617981,6.920693635940552,,2,outfieldPlayer
431698,1895293,4.272885322570801,6.3667168617248535,4.942324638366699,,1,outfieldPlayer
431781,43908,4.508809566497803,5.897721290588379,5.026206016540527,,1,outfieldPlayer
431788,43879,4.273339748382568,4.757176399230957,6.435648441314697,,1,outfieldPlayer
431858,43843,4.857142925262451,4.7993316650390625,6.347738742828369,,1,outfieldPlayer
433066,43960,5.142655849456787,5.429712772369385,5.945014476776123,,2,outfieldPlayer
433072,43972,4.656192302703857,5.455152988433838,5.586660861968994,,1,outfieldPlayer
433074,43818,4.97672176361084,4.858475208282471,8.086284637451172,,1,outfieldPlayer
433076,20014,5.08685302734375,4.668420314788818,5.526827335357666,,1,outfieldPlayer
433092,43935,5.779644966125488,5.541893005371094,6.788266658782959,,1,outfieldPlayer
433097,43942,5.463581085205078,5.038132667541504,7.560309410095215,,1,outfieldPlayer
433118,43972,4.646801471710205,5.30621337890625,5.433238506317139,,1,outfieldPlayer
433147,43971,4.607557058334351,5.809141635894775,6.14280366897583,,2,outfieldPlayer
433161,20014,5.864930152893066,6.376481533050537,6.315283298492432,,1,outfieldPlayer
433191,43967,4.53445839881897,5.128550291061401,5.534923315048218,,2,outfieldPlayer
433195,43963,4.366262912750244,6.453359127044678,5.871286869049072,,1,outfieldPlayer
433361,43888,4.2434563636779785,4.8887763023376465,6.144097566604614,,2,outfieldPlayer
433362,43888,4.349629640579224,5.289116859436035,6.4734883308410645,,2,outfieldPlayer
433365,43888,,,,4.753688812255859,1,goalkeeper
433367,43888,5.114803314208984,5.00104284286499,6.132185697555542,,2,outfieldPlayer
433378,43888,4.64960241317749,4.1830044984817505,7.0636210441589355,,2,outfieldPlayer
433380,43888,4.1549530029296875,5.254951000213623,4.615622520446777,,2,outfieldPlayer
433394,43834,4.4324071407318115,5.571681499481201,5.556409597396851,,2,outfieldPlayer
433439,43835,4.243558883666992,5.185805797576904,5.573461055755615,,1,outfieldPlayer
433461,43855,4.914797306060791,5.420286655426025,6.040261745452881,,1,outfieldPlayer
433469,43855,4.068724870681763,7.047952175140381,4.547758102416992,,2,outfieldPlayer
433527,43820,4.377762317657471,6.610019683837891,4.968071937561035,,1,outfieldPlayer
433534,43820,4.829928874969482,5.318342685699463,6.162650108337402,,1,outfieldPlayer
433585,43818,4.936898231506348,4.5188188552856445,6.4211883544921875,,1,outfieldPlayer
433635,43899,4.307711362838745,5.780202388763428,6.965700387954712,,2,outfieldPlayer
433667,43938,4.200989723205566,5.243066310882568,5.558685779571533,,1,outfieldPlayer
433668,43995,7.032144784927368,4.91596531867981,6.340203046798706,,2,outfieldPlayer
433694,43967,4.4369282722473145,5.460844993591309,5.5717504024505615,,2,outfieldPlayer
433724,43850,4.950302600860596,7.565557956695557,5.956105709075928,,1,outfieldPlayer
433754,43995,5.3997907638549805,5.2890706062316895,6.332578897476196,,2,outfieldPlayer
433787,43967,4.754098653793335,4.8618083000183105,6.190808057785034,,2,outfieldPlayer
433806,43879,,,,5.849383354187012,1,goalkeeper
433872,43924,5.05624532699585,5.546459913253784,6.365330934524536,,2,outfieldPlayer
434025,43818,4.707915306091309,5.613223075866699,4.987088680267334,,1,outfieldPlayer
434026,43818,4.675933837890625,4.3527116775512695,5.5633111000061035,,1,outfieldPlayer
436537,43835,4.872591495513916,4.4808502197265625,6.866430759429932,,2,outfieldPlayer
436572,20014,5.855720520019531,4.750648498535156,8.338593482971191,,1,outfieldPlayer
436612,43960,4.547858238220215,5.95856785774231,6.186517953872681,,2,outfieldPlayer
436628,43818,5.0169525146484375,4.6736369132995605,6.043393135070801,,1,outfieldPlayer
436743,44037,4.667574167251587,4.437880277633667,5.397990942001343,,2,outfieldPlayer
439641,43942,4.163515090942383,5.745657920837402,5.191885948181152,,1,outfieldPlayer
441067,43934,4.475621700286865,6.2521185874938965,6.081350803375244,,1,outfieldPlayer
441088,43934,4.13413143157959,6.551213264465332,6.3265533447265625,,1,outfieldPlayer
441135,43970,4.410988807678223,5.563629865646362,5.529168128967285,,2,outfieldPlayer
441137,43970,6.3731794357299805,4.047767162322998,7.335106372833252,,1,outfieldPlayer
441149,43963,4.475996494293213,5.187934398651123,7.081443786621094,,1,outfieldPlayer
441166,43995,4.742960691452026,5.157023906707764,5.931574106216431,,2,outfieldPlayer
441167,43995,4.3695197105407715,5.8501081466674805,5.480087757110596,,1,outfieldPlayer
441170,43995,6.134350061416626,5.835611581802368,5.975547790527344,,2,outfieldPlayer
441179,43972,4.712318181991577,6.913403511047363,5.023446798324585,,2,outfieldPlayer
441181,43972,,,,5.375086784362793,2,goalkeeper
441188,43972,4.416554689407349,5.654474496841431,5.021693468093872,,2,outfieldPlayer
441234,43928,6.1380696296691895,4.864830732345581,8.320436954498291,,2,outfieldPlayer
441236,43927,,,,6.787685394287109,2,goalkeeper
441240,43914,4.0,8.12117862701416,6.60410737991333,,1,outfieldPlayer
441241,43914,,,,5.296632289886475,1,goalkeeper
441242,43914,5.061496257781982,5.819817543029785,6.23710298538208,,1,outfieldPlayer
441251,43921,4.536652565002441,6.013399124145508,7.232836008071899,,2,outfieldPlayer
441252,43899,4.468626260757446,5.765038251876831,7.215269327163696,,2,outfieldPlayer
441257,43899,6.11072850227356,5.557797908782959,5.252719879150391,,2,outfieldPlayer
441258,43899,4.610064744949341,6.530210494995117,5.920239210128784,,2,outfieldPlayer
441259,43899,4.765654563903809,5.598028659820557,7.342265605926514,,1,outfieldPlayer
441261,43911,4.367770195007324,7.353736400604248,5.93725061416626,,1,outfieldPlayer
441307,43872,4.555010795593262,5.065104722976685,6.61833643913269,,2,outfieldPlayer
441313,20014,,,,4.553461074829102,1,goalkeeper
441316,20014,8.85518741607666,4.624992847442627,7.52295446395874,,1,outfieldPlayer
441333,43860,4.441582202911377,6.853765964508057,6.652838706970215,,1,outfieldPlayer
441341,43860,4.3913702964782715,6.864833354949951,5.355893611907959,,1,outfieldPlayer
441342,43860,5.680144786834717,5.3602447509765625,7.933253765106201,,1,outfieldPlayer
441350,43843,4.235579013824463,5.601876258850098,5.640315055847168,,1,outfieldPlayer
441422,43922,4.440974712371826,5.82079553604126,6.064695835113525,,1,outfieldPlayer
441622,43926,4.0,5.198024272918701,4.656918048858643,,1,outfieldPlayer
441623,43930,4.751289129257202,5.755571365356445,6.286147356033325,,2,outfieldPlayer
442428,43967,4.315298080444336,7.177858829498291,5.888923645019531,,1,outfieldPlayer
442434,43967,4.1215667724609375,7.037161588668823,5.7418859004974365,,2,outfieldPlayer
447855,43969,4.950675964355469,5.88458776473999,6.3657965660095215,,1,outfieldPlayer
447860,43969,4.81124210357666,5.204987049102783,8.1897611618042,,1,outfieldPlayer
447866,43969,5.1158881187438965,6.131247043609619,5.766848087310791,,1,outfieldPlayer
448014,43976,4.754023313522339,7.09546422958374,5.714665412902832,,2,outfieldPlayer
448015,43976,5.627249717712402,5.204936981201172,8.160347938537598,,1,outfieldPlayer
448051,43911,4.692302227020264,6.1367974281311035,7.073294639587402,,1,outfieldPlayer
448103,43971,4.613983154296875,5.510718107223511,6.418639898300171,,2,outfieldPlayer
448107,43971,,,,6.2536396980285645,2,goalkeeper
448112,43971,5.473028659820557,6.819435119628906,6.030386924743652,,1,outfieldPlayer
448114,43971,5.458224773406982,5.838192701339722,5.737048387527466,,2,outfieldPlayer
448128,20014,4.79904842376709,5.440528392791748,5.975553035736084,,1,outfieldPlayer
448131,43971,6.1837849617004395,5.59048318862915,7.516680717468262,,2,outfieldPlayer
448140,43960,4.305009603500366,5.565743684768677,5.4498772621154785,,2,outfieldPlayer
448149,43960,4.999258756637573,5.905343532562256,6.231281518936157,,2,outfieldPlayer
448152,43960,7.019296407699585,5.510336637496948,7.551483631134033,,2,outfieldPlayer
448157,43960,4.647178649902344,5.232766628265381,6.106909275054932,,1,outfieldPlayer
448171,43938,4.349380970001221,6.353699207305908,5.1142096519470215,,1,outfieldPlayer
448180,43938,4.319575309753418,5.265259265899658,5.892767906188965,,1,outfieldPlayer
448189,43942,4.836487293243408,4.349906921386719,6.493988037109375,,1,outfieldPlayer
448196,43942,6.263332843780518,5.593448638916016,9.232172966003418,,1,outfieldPlayer
448202,43942,7.271313667297363,5.967071056365967,6.169121742248535,,1,outfieldPlayer
448214,43921,5.002306938171387,6.994540214538574,7.286955833435059,,2,outfieldPlayer
448252,43922,4.301880359649658,6.302345275878906,6.067508220672607,,1,outfieldPlayer
448290,43927,4.524489879608154,6.991382360458374,4.649538040161133,,2,outfieldPlayer
448310,43927,5.470017433166504,5.347541809082031,6.73453950881958,,1,outfieldPlayer
448312,43927,5.312668800354004,5.451535224914551,7.115344762802124,,2,outfieldPlayer
448332,43946,,,,5.09348726272583,1,goalkeeper
448341,43935,5.1493706703186035,4.685006618499756,6.907443523406982,,1,outfieldPlayer
448343,43935,5.350793361663818,5.998561859130859,6.399672985076904,,1,outfieldPlayer
448346,43935,4.345279693603516,6.294031620025635,5.694516658782959,,1,outfieldPlayer
448355,43935,5.304718255996704,5.156888008117676,7.493050813674927,,2,outfieldPlayer
448360,43935,4.878115177154541,7.49491024017334,6.103874683380127,,2,outfieldPlayer
448362,43935,4.326162338256836,6.583175182342529,6.457862377166748,,1,outfieldPlayer
448363,43908,4.043955087661743,6.99920129776001,5.102509260177612,,2,outfieldPlayer
448364,43935,4.418616771697998,6.993292808532715,5.10052490234375,,1,outfieldPlayer
448373,43935,4.773423910140991,6.104606866836548,5.870437383651733,,2,outfieldPlayer
448377,43935,5.729382514953613,4.936880111694336,7.214234352111816,,1,outfieldPlayer
448411,43899,4.667339324951172,6.088597059249878,6.457118511199951,,2,outfieldPlayer
448420,43924,4.713194847106934,5.460836887359619,7.021224021911621,,1,outfieldPlayer
448497,43817,5.482281923294067,5.24695611000061,5.541311502456665,,2,outfieldPlayer
448505,43817,4.566039562225342,5.835020065307617,5.484489917755127,,1,outfieldPlayer
448523,43860,4.6919097900390625,5.002562046051025,6.493844032287598,,1,outfieldPlayer
448525,43860,4.836993217468262,4.795536041259766,5.504815101623535,,1,outfieldPlayer
448531,43860,4.927512168884277,6.260990142822266,7.49845027923584,,1,outfieldPlayer
448557,43819,6.32187819480896,5.799798011779785,5.781306982040405,,2,outfieldPlayer
448580,43822,4.197378635406494,5.01436710357666,5.0100250244140625,,1,outfieldPlayer
448585,43822,5.020697116851807,5.046932220458984,5.352824687957764,,1,outfieldPlayer
448586,43822,4.8494086265563965,5.791537761688232,5.444486141204834,,1,outfieldPlayer
448598,43872,8.293660640716553,5.0483386516571045,6.793622255325317,,2,outfieldPlayer
448607,43872,4.092337608337402,6.016268968582153,4.475443363189697,,2,outfieldPlayer
448612,43872,4.814592599868774,5.987627267837524,5.907959222793579,,2,outfieldPlayer
461177,43911,5.734313011169434,5.603983402252197,6.609407901763916,,1,outfieldPlayer
461788,43855,4.09454607963562,4.708842754364014,6.427142143249512,,2,outfieldPlayer
463128,43928,5.123680591583252,6.210549354553223,6.5886759757995605,,2,outfieldPlayer
463218,43883,4.318861722946167,6.355511903762817,5.624199867248535,,2,outfieldPlayer
463221,43883,4.143212795257568,5.818229675292969,5.708597660064697,,1,outfieldPlayer
463234,43883,5.5056281089782715,4.8131585121154785,7.0568366050720215,,1,outfieldPlayer
463236,43883,4.382355451583862,5.181985139846802,5.920199871063232,,2,outfieldPlayer
463283,43934,8.003583908081055,5.116032123565674,5.7717742919921875,,1,outfieldPlayer
463288,43934,4.4110798835754395,5.504909038543701,5.724747657775879,,1,outfieldPlayer
463465,43927,4.140688419342041,6.241081714630127,4.878237247467041,,1,outfieldPlayer
463468,43927,4.514731407165527,5.872039794921875,5.3442511558532715,,1,outfieldPlayer
463580,43978,6.25162148475647,6.159753799438477,5.931197643280029,,2,outfieldPlayer
463746,43924,4.708412170410156,5.763238430023193,6.353368282318115,,1,outfieldPlayer
463780,43942,4.692836761474609,5.440305233001709,6.32969331741333,,1,outfieldPlayer
463800,43934,5.453923225402832,6.080206394195557,6.134249687194824,,1,outfieldPlayer
463902,43926,5.379708290100098,6.305878639221191,6.698757648468018,,1,outfieldPlayer
464103,43854,4.623941898345947,5.3311803340911865,5.72845196723938,,2,outfieldPlayer
464114,43946,5.070537567138672,6.427107334136963,6.078859806060791,,1,outfieldPlayer
464133,43854,4.700602054595947,5.018503189086914,5.529944896697998,,1,outfieldPlayer
464457,43818,4.575107097625732,4.496604919433594,8.052861213684082,,1,outfieldPlayer
464484,43888,4.928865909576416,4.106919765472412,5.32804536819458,,1,outfieldPlayer
464533,43911,4.663177967071533,5.1657257080078125,6.169565439224243,,2,outfieldPlayer
464542,43921,6.342870235443115,7.397021532058716,6.710420846939087,,2,outfieldPlayer
464566,44037,4.853036642074585,5.54706335067749,5.690750360488892,,2,outfieldPlayer
464842,43879,4.448520183563232,3.9288668632507324,5.048950672149658,,1,outfieldPlayer
464865,43879,4.0807600021362305,5.694659233093262,6.819023132324219,,1,outfieldPlayer
464924,44005,4.1962738037109375,6.282735824584961,4.908648490905762,,1,outfieldPlayer
464933,44005,8.007919311523438,5.359289646148682,6.413357257843018,,1,outfieldPlayer
466317,1895293,5.780741453170776,4.901129484176636,6.716835260391235,,2,outfieldPlayer
466340,1895293,5.3658246994018555,5.011540174484253,6.027460336685181,,2,outfieldPlayer
466350,1895293,4.685952425003052,5.204807281494141,5.442078590393066,,2,outfieldPlayer
466363,1895293,5.602561950683594,3.7525601387023926,5.837498664855957,,1,outfieldPlayer
466585,43899,4.2460808753967285,5.493825912475586,6.256951808929443,,1,outfieldPlayer
466624,43921,6.222601652145386,5.119684457778931,5.547816753387451,,2,outfieldPlayer
466669,43914,4.524415493011475,5.73000955581665,5.910356044769287,,1,outfieldPlayer
466687,43899,4.798940181732178,5.619565010070801,6.911210298538208,,2,outfieldPlayer
466838,43908,4.162485599517822,5.6044697761535645,5.076839447021484,,2,outfieldPlayer
470760,43926,4.88297176361084,6.342198848724365,6.546234130859375,,1,outfieldPlayer
472908,43995,4.794903755187988,4.489640474319458,7.528724431991577,,2,outfieldPlayer
474973,43969,4.5226850509643555,6.81163215637207,5.481598615646362,,2,outfieldPlayer
475036,43924,4.511701583862305,5.035940170288086,5.384094715118408,,1,outfieldPlayer
475260,44005,5.029699802398682,4.476129055023193,6.829078197479248,,1,outfieldPlayer
476348,43928,4.609984397888184,5.285660266876221,5.479467153549194,,2,outfieldPlayer
477470,43961,4.613330364227295,6.476929187774658,5.366386890411377,,1,outfieldPlayer
477536,43930,4.55976128578186,5.449097156524658,4.874969959259033,,2,outfieldPlayer
477770,43850,4.423701763153076,7.526227951049805,5.050175905227661,,2,outfieldPlayer
477778,43854,4.682304382324219,4.921231746673584,6.844832420349121,,1,outfieldPlayer
477790,43843,4.350093364715576,5.016348838806152,5.328413963317871,,1,outfieldPlayer
477795,43843,4.533461093902588,4.426037311553955,6.421494483947754,,1,outfieldPlayer
477825,43854,4.055710315704346,5.982525825500488,4.9998931884765625,,1,outfieldPlayer
477827,43850,4.637483358383179,5.9200990200042725,5.626798391342163,,2,outfieldPlayer
477832,43850,5.20923638343811,6.504527568817139,6.5814454555511475,,2,outfieldPlayer
477833,20014,4.79904842376709,6.0988240242004395,5.970913410186768,,1,outfieldPlayer
477847,43850,4.910743236541748,5.224742650985718,5.302549839019775,,2,outfieldPlayer
477849,43850,8.68238639831543,4.7109575271606445,6.07834529876709,,1,outfieldPlayer
477852,43850,6.497553586959839,6.316999912261963,5.2129225730896,,2,outfieldPlayer
477855,43850,4.615933418273926,5.912994861602783,5.643311977386475,,1,outfieldPlayer
477856,43850,5.590692043304443,5.487815856933594,5.4828057289123535,,1,outfieldPlayer
477862,43850,4.95684814453125,4.182643413543701,5.69315242767334,,1,outfieldPlayer
479042,44005,4.1962738037109375,4.67873477935791,5.225289344787598,,1,outfieldPlayer
479056,43818,4.685219764709473,5.362006664276123,5.556335926055908,,1,outfieldPlayer
479072,43818,4.408337593078613,5.63444185256958,5.99094820022583,,1,outfieldPlayer
479075,44005,4.786587238311768,4.1117706298828125,5.780954837799072,,1,outfieldPlayer
479077,44005,,,,5.1097941398620605,1,goalkeeper
479080,44005,4.941935062408447,4.117984771728516,5.9031219482421875,,1,outfieldPlayer
479106,44005,4.5551862716674805,4.512636661529541,6.3128533363342285,,1,outfieldPlayer
479294,43819,4.609068870544434,5.505896329879761,5.884183645248413,,2,outfieldPlayer
479389,43820,4.465400218963623,4.7036943435668945,6.309689044952393,,1,outfieldPlayer
479553,43818,4.843589782714844,4.7003493309021,5.434508323669434,,1,outfieldPlayer
479601,43928,4.985340595245361,6.809601783752441,6.355585813522339,,2,outfieldPlayer
480310,43914,4.736282825469971,6.957133769989014,6.45206880569458,,1,outfieldPlayer
480322,43899,4.13401460647583,6.408200740814209,5.612793922424316,,2,outfieldPlayer
480966,43850,5.431513071060181,5.439240217208862,6.48651123046875,,2,outfieldPlayer
481027,43908,5.0178539752960205,5.434476137161255,6.42004132270813,,2,outfieldPlayer
481180,43817,4.776462554931641,6.061123847961426,5.718196392059326,,1,outfieldPlayer
481181,43817,5.312995910644531,5.5306901931762695,5.739441871643066,,1,outfieldPlayer
481183,43818,5.026997089385986,5.058053016662598,5.995923042297363,,1,outfieldPlayer
481242,43883,4.437499761581421,4.628105878829956,5.101038932800293,,2,outfieldPlayer
481610,43942,5.01505184173584,7.762754917144775,6.493191242218018,,1,outfieldPlayer
482774,43938,7.246543884277344,4.692188739776611,6.942023277282715,,1,outfieldPlayer
482782,43850,4.5222883224487305,4.977071762084961,5.180863380432129,,1,outfieldPlayer
482874,43843,4.604756832122803,4.243419647216797,5.784781455993652,,1,outfieldPlayer
482885,43888,4.607012748718262,4.706776142120361,5.36337685585022,,2,outfieldPlayer
482931,43938,5.409637451171875,5.503926753997803,6.8667473793029785,,1,outfieldPlayer
482974,44037,4.559807300567627,4.673641681671143,6.295002460479736,,2,outfieldPlayer
482976,44037,4.869874477386475,5.659474849700928,6.092381000518799,,2,outfieldPlayer
482978,44037,,,,5.679701566696167,2,goalkeeper
483161,43855,6.946151494979858,5.277008056640625,6.539957523345947,,2,outfieldPlayer
483276,43970,4.306025981903076,5.013431787490845,5.428351402282715,,2,outfieldPlayer
483304,43970,4.206463575363159,5.542314529418945,5.396511793136597,,2,outfieldPlayer
483312,43970,4.010513782501221,6.1891467571258545,4.433361053466797,,2,outfieldPlayer
483327,43970,5.687985420227051,4.157867670059204,6.997212648391724,,2,outfieldPlayer
483448,43961,5.031584739685059,4.944447994232178,7.232460021972656,,1,outfieldPlayer
483496,43961,4.276397228240967,6.8546366691589355,7.499968528747559,,1,outfieldPlayer
483497,43961,4.271492004394531,6.388770580291748,5.461284160614014,,1,outfieldPlayer
483505,43961,5.106436252593994,5.034474849700928,7.458546161651611,,1,outfieldPlayer
483516,43961,4.101932048797607,7.257016181945801,4.4863128662109375,,1,outfieldPlayer
483526,43960,4.422215223312378,5.423481464385986,5.976053953170776,,2,outfieldPlayer
483961,43995,4.671535968780518,5.82964563369751,5.798483848571777,,1,outfieldPlayer
483966,44037,4.501903533935547,4.995044231414795,4.773188352584839,,2,outfieldPlayer
484011,43995,4.907967805862427,5.449051380157471,7.057500839233398,,2,outfieldPlayer
484012,43995,,,,5.789029121398926,2,goalkeeper
484022,44037,3.903191328048706,6.458152770996094,4.710388898849487,,2,outfieldPlayer
484045,43967,4.479557991027832,5.706343173980713,5.381520748138428,,1,outfieldPlayer
484051,43967,4.75525426864624,5.736975193023682,6.936679363250732,,1,outfieldPlayer
484065,43972,4.665378093719482,5.837454319000244,6.533724308013916,,1,outfieldPlayer
484082,43972,4.408844232559204,6.689412593841553,5.1265013217926025,,2,outfieldPlayer
484087,43972,5.175419330596924,5.204620122909546,7.3793861865997314,,2,outfieldPlayer
484092,43972,4.6485114097595215,7.939815521240234,5.695759296417236,,2,outfieldPlayer
484112,43972,5.610443592071533,5.646376609802246,6.777501583099365,,2,outfieldPlayer
484113,43972,4.320895195007324,6.234523773193359,6.941959619522095,,2,outfieldPlayer
484139,43972,4.934445858001709,5.302711486816406,6.900540590286255,,2,outfieldPlayer
484141,43963,8.151156425476074,6.740262031555176,6.5238938331604,,1,outfieldPlayer
484262,43818,4.933974266052246,5.155571937561035,5.782961368560791,,1,outfieldPlayer
484270,43818,4.4123663902282715,6.1921186447143555,5.516147613525391,,1,outfieldPlayer
484320,43969,6.8944761753082275,5.958211183547974,7.629371404647827,,2,outfieldPlayer
484849,43948,4.552177906036377,4.784107208251953,5.641946792602539,,2,outfieldPlayer
484851,43948,8.339344024658203,5.07877254486084,6.9263975620269775,,2,outfieldPlayer
484859,43960,5.33211612701416,6.734964847564697,6.812378883361816,,1,outfieldPlayer
484860,43946,6.534323215484619,5.691915035247803,6.729771614074707,,1,outfieldPlayer
485063,44037,4.991485595703125,5.5124077796936035,5.72603178024292,,1,outfieldPlayer
485066,43938,5.48329496383667,3.8496758937835693,7.560898303985596,,1,outfieldPlayer
485068,43938,5.209223747253418,4.533598899841309,6.299660682678223,,1,outfieldPlayer
485070,43911,,,,6.753645420074463,2,goalkeeper
485081,43963,5.177773475646973,6.1058030128479,6.978454113006592,,1,outfieldPlayer
485131,43967,4.966103553771973,5.333959341049194,6.599285125732422,,2,outfieldPlayer
485347,1895293,5.125906229019165,3.9465787410736084,6.452961683273315,,2,outfieldPlayer
485655,43946,5.768707752227783,4.149035930633545,8.914922714233398,,1,outfieldPlayer
485664,43908,5.163905143737793,4.534126043319702,5.686638355255127,,2,outfieldPlayer
485675,43854,4.682304382324219,5.1390180587768555,5.447213172912598,,1,outfieldPlayer
485676,43908,4.8652448654174805,5.031225681304932,6.447986602783203,,2,outfieldPlayer
485740,43872,4.469322204589844,7.376627683639526,5.527229309082031,,2,outfieldPlayer
485760,43872,4.446709632873535,5.620776176452637,5.016300439834595,,2,outfieldPlayer
485802,43928,4.650531768798828,6.042535305023193,5.772388935089111,,1,outfieldPlayer
486074,43972,5.6061320304870605,5.466638088226318,6.247924327850342,,1,outfieldPlayer
486080,43995,4.161628484725952,5.6676905155181885,4.925107717514038,,2,outfieldPlayer
486081,43995,5.459754467010498,5.704026699066162,5.751030921936035,,1,outfieldPlayer
486082,43995,4.346607685089111,5.161806583404541,5.21841025352478,,2,outfieldPlayer
486130,43879,4.731245517730713,4.9859185218811035,5.567036151885986,,1,outfieldPlayer
486147,20014,4.897808074951172,5.405777931213379,5.74699068069458,,1,outfieldPlayer
486150,43860,4.179469108581543,6.474924564361572,5.867201805114746,,1,outfieldPlayer
486161,43883,5.128345966339111,4.7989373207092285,5.796327114105225,,1,outfieldPlayer
486213,43860,5.475033283233643,5.629724025726318,7.61892557144165,,1,outfieldPlayer
486268,43854,4.093258380889893,6.7483532428741455,5.015574932098389,,2,outfieldPlayer
486306,43976,6.510361433029175,4.871065139770508,5.95204496383667,,2,outfieldPlayer
486317,43854,4.146920680999756,7.229602813720703,5.774731159210205,,1,outfieldPlayer
486614,43834,4.467255592346191,4.850378513336182,5.769429683685303,,1,outfieldPlayer
486875,43928,4.693918704986572,6.137061595916748,6.185151100158691,,1,outfieldPlayer
486929,43899,4.608795404434204,6.3827338218688965,5.955345630645752,,2,outfieldPlayer
489300,43908,4.417385578155518,5.75284743309021,5.756988525390625,,2,outfieldPlayer
489417,43928,4.5368170738220215,5.635819911956787,5.338944911956787,,1,outfieldPlayer
489517,43960,4.264852523803711,7.165626049041748,5.625459671020508,,2,outfieldPlayer
489518,43960,7.989663600921631,5.559166669845581,7.05385160446167,,2,outfieldPlayer
489520,44037,4.166171073913574,6.723739147186279,4.793144702911377,,2,outfieldPlayer
489523,44037,4.708643913269043,6.438507556915283,6.179114818572998,,1,outfieldPlayer
489551,43820,4.323124885559082,4.701236724853516,5.26935338973999,,1,outfieldPlayer
489603,43817,4.273022890090942,5.727139711380005,4.7277162075042725,,2,outfieldPlayer
489688,43970,6.791574239730835,5.6705334186553955,5.764399290084839,,2,outfieldPlayer
489689,43970,4.884982347488403,4.819130897521973,7.055510997772217,,2,outfieldPlayer
489704,43963,4.215084552764893,6.465098857879639,5.7791972160339355,,1,outfieldPlayer
489732,43942,4.526377201080322,4.6983232498168945,7.064024448394775,,1,outfieldPlayer
491166,43976,4.784150838851929,4.978032350540161,5.761233329772949,,2,outfieldPlayer
491218,43948,4.940886497497559,4.900290012359619,6.007537841796875,,1,outfieldPlayer
491244,43961,4.065665245056152,5.213271617889404,5.397219181060791,,1,outfieldPlayer
492315,43822,4.075548410415649,6.944021463394165,5.229346990585327,,2,outfieldPlayer
492358,43963,4.052395343780518,7.6894426345825195,4.606965065002441,,1,outfieldPlayer
492363,43948,6.694334268569946,7.201235771179199,7.2330121994018555,,2,outfieldPlayer
492716,43942,4.9690961837768555,6.132193565368652,7.297027587890625,,1,outfieldPlayer
493970,43899,5.578623294830322,5.575894832611084,6.577542781829834,,1,outfieldPlayer
494248,43883,4.623618841171265,6.474081516265869,5.2038445472717285,,2,outfieldPlayer
494291,43843,4.694279670715332,4.5767669677734375,5.50400447845459,,1,outfieldPlayer
494293,43872,4.610987186431885,5.298048496246338,5.942603588104248,,1,outfieldPlayer
494314,43850,5.011829376220703,4.834691047668457,6.287364482879639,,1,outfieldPlayer
494349,43860,,,,8.103483200073242,1,goalkeeper
494351,43860,4.824103355407715,7.683034420013428,5.493966102600098,,1,outfieldPlayer
494375,43888,4.545264720916748,4.734726905822754,5.7499213218688965,,1,outfieldPlayer
494458,20014,4.712470531463623,5.906057834625244,7.102935791015625,,1,outfieldPlayer
494531,43928,,,,6.84772801399231,2,goalkeeper
494557,43976,,,,6.220923662185669,2,goalkeeper
494626,43961,4.8206281661987305,6.277684688568115,5.8578667640686035,,1,outfieldPlayer
494640,44037,4.476011514663696,4.3006428480148315,5.079614639282227,,2,outfieldPlayer
494989,1895293,6.768234729766846,5.787347078323364,6.048771858215332,,2,outfieldPlayer
495046,43928,6.631877422332764,5.833104610443115,5.772922515869141,,1,outfieldPlayer
495347,43972,4.830941677093506,6.403702735900879,5.3140411376953125,,1,outfieldPlayer
495349,43935,4.410486459732056,6.639028787612915,6.202012538909912,,2,outfieldPlayer
495488,43855,4.606783866882324,5.5946574211120605,6.186598777770996,,1,outfieldPlayer
496358,43879,6.701464653015137,4.810700416564941,6.197484493255615,,1,outfieldPlayer
498421,43976,4.893061399459839,6.266193151473999,6.886589050292969,,2,outfieldPlayer
498458,43834,4.523731470108032,4.517328381538391,5.757649183273315,,2,outfieldPlayer
498806,43976,5.528613567352295,5.007009267807007,6.450989246368408,,2,outfieldPlayer
499102,43820,3.723583221435547,4.237666130065918,4.64147424697876,,1,outfieldPlayer
499290,43938,4.871498107910156,5.438867092132568,6.692698001861572,,1,outfieldPlayer
499912,43921,4.7728729248046875,6.564428806304932,6.499472618103027,,1,outfieldPlayer
499913,43921,,,,5.999212026596069,2,goalkeeper
500037,43911,5.219127178192139,5.865814208984375,6.00623083114624,,1,outfieldPlayer
502727,43971,7.013978719711304,5.158078193664551,6.922097444534302,,2,outfieldPlayer
502945,43970,4.633823394775391,5.488561630249023,5.979063987731934,,2,outfieldPlayer
502946,43970,4.520450830459595,4.815552473068237,6.099798917770386,,2,outfieldPlayer
503047,43970,4.833545684814453,4.545421600341797,7.102182865142822,,1,outfieldPlayer
504199,43883,5.028362512588501,6.345220565795898,5.569336414337158,,2,outfieldPlayer
504329,20014,4.737846374511719,5.052966117858887,5.366546630859375,,1,outfieldPlayer
504502,43888,4.3951544761657715,3.4119603633880615,5.035576820373535,,1,outfieldPlayer
504990,44037,4.654922962188721,3.8615787029266357,7.749443054199219,,1,outfieldPlayer
505097,43872,4.692986488342285,5.4390740394592285,5.94740629196167,,1,outfieldPlayer
506039,43883,4.19533109664917,6.562920093536377,4.739919185638428,,2,outfieldPlayer
506202,43854,4.564627170562744,4.476369857788086,5.388641357421875,,1,outfieldPlayer
506279,43860,8.415634155273438,5.339779376983643,6.077885150909424,,1,outfieldPlayer
506471,1895293,4.619288921356201,4.579354524612427,6.333791732788086,,2,outfieldPlayer
507253,43860,4.6996941566467285,6.692728519439697,5.6259636878967285,,1,outfieldPlayer
510757,43908,4.701389789581299,4.865303993225098,6.193965911865234,,2,outfieldPlayer
510922,43854,5.342314720153809,4.908368349075317,7.076819658279419,,2,outfieldPlayer
510991,43834,4.31271767616272,5.523507356643677,5.318424224853516,,2,outfieldPlayer
511009,43843,4.0,5.922664642333984,4.878285884857178,,1,outfieldPlayer
511015,43948,5.898005485534668,5.339775562286377,6.655540466308594,,2,outfieldPlayer
511141,1895293,4.25947904586792,6.105389356613159,5.359924793243408,,2,outfieldPlayer
511875,43820,4.996033668518066,4.150249481201172,5.949126243591309,,1,outfieldPlayer
512183,43835,4.554031848907471,4.85032320022583,5.629079580307007,,2,outfieldPlayer
512791,43834,4.693173170089722,4.518135905265808,4.901567459106445,,2,outfieldPlayer
514166,43935,4.243098020553589,6.284390687942505,6.251252889633179,,2,outfieldPlayer
514208,43854,5.027209281921387,5.446066856384277,6.875729084014893,,1,outfieldPlayer
514334,43995,4.1149210929870605,7.541616439819336,4.5180134773254395,,1,outfieldPlayer
518200,43976,4.913564205169678,6.997948169708252,5.994256019592285,,1,outfieldPlayer
519836,43924,4.915457725524902,6.030570030212402,4.872461795806885,,1,outfieldPlayer
519954,44037,8.654162406921387,5.409040451049805,5.78501558303833,,1,outfieldPlayer
519958,43970,4.704402446746826,5.19142484664917,6.886593341827393,,1,outfieldPlayer
520036,43934,4.816415309906006,5.151477336883545,6.060333728790283,,1,outfieldPlayer
520039,43860,4.339783191680908,5.806840896606445,6.209969520568848,,1,outfieldPlayer
520245,43888,,,,5.2094011306762695,1,goalkeeper
523097,43995,5.046349763870239,5.581308841705322,7.182576894760132,,2,outfieldPlayer
523215,43908,4.972872257232666,5.855877876281738,4.851867198944092,,1,outfieldPlayer
523236,43818,4.685219764709473,4.796771049499512,5.669453144073486,,1,outfieldPlayer
523333,43835,4.684109210968018,5.112521648406982,5.887538909912109,,1,outfieldPlayer
